Title,Quantity,Time Left,High Bid,Bid Count,URL,Company,City,State,Shipping?
2008 Chevy Impala- 258022- $120.00,1.0,11h  27m  ,575.0,15,https://texas.hibid.com/lot/83704487,"Ward Auction Co, Inc",SAN ANTONIO,TX,False
2005 Nissan Frontier- 464334- $120.00,1.0,11h  28m  ,1450.0,38,https://texas.hibid.com/lot/83704488,"Ward Auction Co, Inc",SAN ANTONIO,TX,False
2006 Chevy Trailblazer- 230229- $95.00,1.0,11h  28m  ,550.0,10,https://texas.hibid.com/lot/83704489,"Ward Auction Co, Inc",SAN ANTONIO,TX,False
2004 Honda Accord- 017833- $120.00,1.0,11h  29m  ,1025.0,14,https://texas.hibid.com/lot/83704490,"Ward Auction Co, Inc",SAN ANTONIO,TX,False
1998 Ford Mustang- 240207-REBUILT SALVAGE,1.0,11h  29m  ,325.0,4,https://texas.hibid.com/lot/83704491,"Ward Auction Co, Inc",SAN ANTONIO,TX,False
2002 Daewood Lanos- 695612-REBUILT SALVAGE,1.0,11h  30m  ,0.0,0,https://texas.hibid.com/lot/83704492,"Ward Auction Co, Inc",SAN ANTONIO,TX,False
2004 VW Passat- 202491- $150.00,1.0,11h  30m  ,575.0,14,https://texas.hibid.com/lot/83704493,"Ward Auction Co, Inc",SAN ANTONIO,TX,False
2012 Ford Fiesta- 158290- $120.00,1.0,11h  31m  ,1475.0,30,https://texas.hibid.com/lot/83704494,"Ward Auction Co, Inc",SAN ANTONIO,TX,False
2005 Toyota Avalon- 049111- $120.00,1.0,11h  31m  ,775.0,15,https://texas.hibid.com/lot/83704495,"Ward Auction Co, Inc",SAN ANTONIO,TX,False
1998 Mitsubishi 3000 GT- 001142- $95.00,1.0,11h  32m  ,300.0,3,https://texas.hibid.com/lot/83704496,"Ward Auction Co, Inc",SAN ANTONIO,TX,False
1996 Mazda B3000- M08931,1.0,11h  32m  ,725.0,16,https://texas.hibid.com/lot/83704497,"Ward Auction Co, Inc",SAN ANTONIO,TX,False
1999 BMW 323I- A84111- $150.00,1.0,11h  33m  ,450.0,7,https://texas.hibid.com/lot/83704498,"Ward Auction Co, Inc",SAN ANTONIO,TX,False
2012 Ford Focus- 409597- $120.00,1.0,11h  33m  ,1450.0,24,https://texas.hibid.com/lot/83704499,"Ward Auction Co, Inc",SAN ANTONIO,TX,False
2005 BMW 530I- R60851- $150.00,1.0,11h  34m  ,1825.0,41,https://texas.hibid.com/lot/83704500,"Ward Auction Co, Inc",SAN ANTONIO,TX,False
2007 Toyota Camry- 001274- $300.00,1.0,11h  34m  ,2125.0,32,https://texas.hibid.com/lot/83704501,"Ward Auction Co, Inc",SAN ANTONIO,TX,False
2008 Kia Spectra- 020411- $95.00,1.0,11h  35m  ,400.0,5,https://texas.hibid.com/lot/83704502,"Ward Auction Co, Inc",SAN ANTONIO,TX,False
1997 Honda Civic- 030105- $95.00,1.0,11h  35m  ,325.0,4,https://texas.hibid.com/lot/83704503,"Ward Auction Co, Inc",SAN ANTONIO,TX,False
1996 Chevy Caprice- 192200,1.0,11h  36m  ,375.0,4,https://texas.hibid.com/lot/83704504,"Ward Auction Co, Inc",SAN ANTONIO,TX,False
2006 Honda Civic- 551059,1.0,11h  36m  ,275.0,2,https://texas.hibid.com/lot/83704505,"Ward Auction Co, Inc",SAN ANTONIO,TX,False
2017 Chevy Spark- 769716- $95.00,1.0,11h  37m  ,925.0,20,https://texas.hibid.com/lot/83704506,"Ward Auction Co, Inc",SAN ANTONIO,TX,False
2013 Ford Focus- 133158- $120.00-REBUILT SALVAGE,1.0,11h  37m  ,1050.0,19,https://texas.hibid.com/lot/83704507,"Ward Auction Co, Inc",SAN ANTONIO,TX,False
2013 Chevy Cruze- 222506- $120.00,1.0,11h  38m  ,1525.0,45,https://texas.hibid.com/lot/83704508,"Ward Auction Co, Inc",SAN ANTONIO,TX,False
2005 Chevy Cobalt- 521929- $50.00,1.0,11h  38m  ,375.0,6,https://texas.hibid.com/lot/83704509,"Ward Auction Co, Inc",SAN ANTONIO,TX,False
2002 Chevy K1500 Suburban- 068884- $95.00,1.0,11h  39m  ,975.0,21,https://texas.hibid.com/lot/83704510,"Ward Auction Co, Inc",SAN ANTONIO,TX,False
2000 Honda Accord- 040977-REBUILT SALVAGE,1.0,11h  39m  ,275.0,2,https://texas.hibid.com/lot/83704511,"Ward Auction Co, Inc",SAN ANTONIO,TX,False
1997 Ford F350- 0C2278- $95.00,1.0,11h  40m  ,4525.0,81,https://texas.hibid.com/lot/83704512,"Ward Auction Co, Inc",SAN ANTONIO,TX,False
2013 CHEVY CRUZE-127726-$120.00,1.0,11h  40m  ,2525.0,41,https://texas.hibid.com/lot/83704513,"Ward Auction Co, Inc",SAN ANTONIO,TX,False
2003 Mazda PDS- 160941- $95.00-,1.0,11h  41m  ,325.0,4,https://texas.hibid.com/lot/84389896,"Ward Auction Co, Inc",SAN ANTONIO,TX,False
2005 Dodge Caravan- 322484- $95.00-,1.0,11h  41m  ,475.0,3,https://texas.hibid.com/lot/84389897,"Ward Auction Co, Inc",SAN ANTONIO,TX,False
2005 Chevy Classic- 156061- $95.00,1.0,11h  42m  ,250.0,1,https://texas.hibid.com/lot/84389898,"Ward Auction Co, Inc",SAN ANTONIO,TX,False
2004 GMC Yukon- 333767- $95.00,1.0,11h  42m  ,525.0,7,https://texas.hibid.com/lot/84389899,"Ward Auction Co, Inc",SAN ANTONIO,TX,False
2001 Ford F150- C65373,1.0,11h  43m  ,775.0,13,https://texas.hibid.com/lot/84389900,"Ward Auction Co, Inc",SAN ANTONIO,TX,False
2007 Chevy Trailblazer- 200238,1.0,11h  43m  ,375.0,4,https://texas.hibid.com/lot/84389901,"Ward Auction Co, Inc",SAN ANTONIO,TX,False
2003 Pontiac Grand Am- 196607,1.0,11h  44m  ,0.0,0,https://texas.hibid.com/lot/84389902,"Ward Auction Co, Inc",SAN ANTONIO,TX,False
2006 Pontiac Vibe- 412477- $95.00-,1.0,11h  44m  ,325.0,4,https://texas.hibid.com/lot/84389903,"Ward Auction Co, Inc",SAN ANTONIO,TX,False
2011- Toyota Camry- R183641- $95.00,1.0,11h  45m  ,525.0,7,https://texas.hibid.com/lot/84389904,"Ward Auction Co, Inc",SAN ANTONIO,TX,False
2000 Ford Expedition- B58739- $95.00,1.0,11h  45m  ,675.0,8,https://texas.hibid.com/lot/84389905,"Ward Auction Co, Inc",SAN ANTONIO,TX,False
2007 Toyota Camry- 131114- $95.00,1.0,11h  46m  ,825.0,20,https://texas.hibid.com/lot/84389906,"Ward Auction Co, Inc",SAN ANTONIO,TX,False
2005 Ford F150- 09764- $95.00,1.0,11h  46m  ,675.0,8,https://texas.hibid.com/lot/84389907,"Ward Auction Co, Inc",SAN ANTONIO,TX,False
2005 Ford Focus- 149495- $95.00,1.0,11h  47m  ,300.0,3,https://texas.hibid.com/lot/84389908,"Ward Auction Co, Inc",SAN ANTONIO,TX,False
2007 Mazda 3- 657260- $95.00,1.0,11h  47m  ,325.0,4,https://texas.hibid.com/lot/84389909,"Ward Auction Co, Inc",SAN ANTONIO,TX,False
1995 Lexus ES 300- 097849,1.0,11h  48m  ,0.0,0,https://texas.hibid.com/lot/84389910,"Ward Auction Co, Inc",SAN ANTONIO,TX,False
1989 Chevy S10- 177076,1.0,11h  48m  ,275.0,2,https://texas.hibid.com/lot/84389911,"Ward Auction Co, Inc",SAN ANTONIO,TX,False
2006 Ford Escape- B20301,1.0,11h  49m  ,350.0,3,https://texas.hibid.com/lot/84389912,"Ward Auction Co, Inc",SAN ANTONIO,TX,False
2003 Toyota Corolla- 008609- $95.00,1.0,11h  49m  ,325.0,4,https://texas.hibid.com/lot/84389913,"Ward Auction Co, Inc",SAN ANTONIO,TX,False
1998 Mercedes Benz E320- 499787- $250.00,1.0,11h  50m  ,425.0,6,https://texas.hibid.com/lot/84389914,"Ward Auction Co, Inc",SAN ANTONIO,TX,False
2003 Acura MDX- 506139,1.0,11h  50m  ,0.0,0,https://texas.hibid.com/lot/84389915,"Ward Auction Co, Inc",SAN ANTONIO,TX,False
20070 Mercedes Benz C350- 896989,1.0,11h  51m  ,400.0,4,https://texas.hibid.com/lot/84389916,"Ward Auction Co, Inc",SAN ANTONIO,TX,False
2001 Ford Expedition- 59780- $95.00,1.0,11h  51m  ,400.0,4,https://texas.hibid.com/lot/84389917,"Ward Auction Co, Inc",SAN ANTONIO,TX,False
03 SAAB 93 YS3FB49S831017345 KEY/STARTS/TITLE,1.0,12h  27m  ,575.0,6,https://texas.hibid.com/lot/84458127,JD Newell Auctioneers,DALLAS,TX,False
00 HON ACC 1HGCG5673YA063997,1.0,12h  27m  ,300.0,6,https://texas.hibid.com/lot/84308801,JD Newell Auctioneers,Duncanville,TX,False
06 HON ACC 1HGCM563X6A173836 Y,1.0,12h  27m  ,350.0,7,https://texas.hibid.com/lot/84308802,JD Newell Auctioneers,Duncanville,TX,False
10 DODG CAL 1B3CB4HA6AD661944 26,1.0,12h  27m  ,325.0,6,https://texas.hibid.com/lot/84308803,JD Newell Auctioneers,Duncanville,TX,False
08 JEEP COM 1J8FT47078D767372 KEY,1.0,12h  27m  ,850.0,14,https://texas.hibid.com/lot/84458131,JD Newell Auctioneers,DALLAS,TX,False
03 HONDA CIVIC 1HGEM22913L047270 KEY/STARTS,1.0,12h  27m  ,675.0,9,https://texas.hibid.com/lot/84458132,JD Newell Auctioneers,DALLAS,TX,False
10 DODG AVG 1B3CC5FB4AN136194 NK,1.0,12h  27m  ,200.0,1,https://texas.hibid.com/lot/84308804,JD Newell Auctioneers,Duncanville,TX,False
13 DODG AVG 1C3CDZABXDN664745 NK,1.0,12h  27m  ,325.0,6,https://texas.hibid.com/lot/84308805,JD Newell Auctioneers,Duncanville,TX,False
08 DODG AVG 1B3LC56K48N289118 NK,1.0,12h  27m  ,200.0,1,https://texas.hibid.com/lot/84308806,JD Newell Auctioneers,Duncanville,TX,False
07 MERCURY GRAND MARQ 2MEFM75VX7X639198 NO KEY,1.0,12h  27m  ,525.0,2,https://texas.hibid.com/lot/84458134,JD Newell Auctioneers,DALLAS,TX,False
11 DODGE AVENGER 1B3BD4FB2BN578993 NO KEY,1.0,12h  27m  ,700.0,2,https://texas.hibid.com/lot/84458135,JD Newell Auctioneers,DALLAS,TX,False
03 FORD MUST 1FAFP40403F393151 NK,1.0,12h  27m  ,200.0,1,https://texas.hibid.com/lot/84308807,JD Newell Auctioneers,Duncanville,TX,False
01 FORD EXPL 1FMZU63E11ZA38738 52,1.0,12h  28m  ,475.0,5,https://texas.hibid.com/lot/84308808,JD Newell Auctioneers,Duncanville,TX,False
01 CHEV 2500 VAN 1GCGG25R511125374 key,1.0,12h  27m  ,575.0,4,https://texas.hibid.com/lot/84458136,JD Newell Auctioneers,DALLAS,TX,False
07 FORD FOC 1FAFP34N57W145318 IV,1.0,12h  28m  ,200.0,1,https://texas.hibid.com/lot/84308809,JD Newell Auctioneers,Duncanville,TX,False
08 FORD ESCP 1FMCU03158KC90348 NK,1.0,12h  28m  ,275.0,4,https://texas.hibid.com/lot/84308810,JD Newell Auctioneers,Duncanville,TX,False
18 FORD FIES 3FADP4BJ5JM132203 DSO,1.0,12h  28m  ,775.0,20,https://texas.hibid.com/lot/84308811,JD Newell Auctioneers,Duncanville,TX,False
07 CAD ESCL 1GYFK63817R388221 NK,1.0,12h  28m  ,1350.0,25,https://texas.hibid.com/lot/84308812,JD Newell Auctioneers,Duncanville,TX,False
03 CHEV IMP 2G1WF52E639118376 45,1.0,12h  28m  ,200.0,1,https://texas.hibid.com/lot/84308813,JD Newell Auctioneers,Duncanville,TX,False
15 CHEV IMP 2G1WB5E39F1139165 35,1.0,12h  28m  ,250.0,3,https://texas.hibid.com/lot/84308814,JD Newell Auctioneers,Duncanville,TX,False
01 CHEV TAH 1GNEC13T51R130501 NK,1.0,12h  28m  ,250.0,3,https://texas.hibid.com/lot/84308815,JD Newell Auctioneers,Duncanville,TX,False
10 CHEV MAL 1G1ZC5EB9AF181984 NK,1.0,12h  28m  ,300.0,5,https://texas.hibid.com/lot/84308816,JD Newell Auctioneers,Duncanville,TX,False
15 CHEV SON 1G1JE6SB3F4186585 28,1.0,12h  28m  ,525.0,14,https://texas.hibid.com/lot/84308817,JD Newell Auctioneers,Duncanville,TX,False
02 PONT GR PX 1G2WR12102F278610 NK,1.0,12h  28m  ,200.0,1,https://texas.hibid.com/lot/84308818,JD Newell Auctioneers,Duncanville,TX,False
08 PONT G6 1G2ZF57BX84259016 NK,1.0,12h  28m  ,225.0,2,https://texas.hibid.com/lot/84308819,JD Newell Auctioneers,Duncanville,TX,False
05 SAT VUE 5GZCZ33D35S822059 37,1.0,12h  29m  ,0.0,0,https://texas.hibid.com/lot/84308820,JD Newell Auctioneers,Duncanville,TX,False
04 BMW 330I WBAEV53474KM33258 NK,1.0,12h  29m  ,200.0,1,https://texas.hibid.com/lot/84308821,JD Newell Auctioneers,Duncanville,TX,False
02 BMW 320I WBAEV53442KM18021 IV,1.0,12h  29m  ,225.0,2,https://texas.hibid.com/lot/84308822,JD Newell Auctioneers,Duncanville,TX,False
04 HON CIV 1HGEM22904L064773 NK,1.0,12h  29m  ,225.0,2,https://texas.hibid.com/lot/84308823,JD Newell Auctioneers,Duncanville,TX,False
02 HON ODYS 5FNRL18062B028494 NK,1.0,12h  29m  ,275.0,4,https://texas.hibid.com/lot/84308824,JD Newell Auctioneers,Duncanville,TX,False
03 HON ACC 1HGCM56683A126634 IV,1.0,12h  29m  ,200.0,1,https://texas.hibid.com/lot/84308825,JD Newell Auctioneers,Duncanville,TX,False
00 HON ACC 1HGCG1656YA092773 31,1.0,12h  29m  ,300.0,5,https://texas.hibid.com/lot/84308826,JD Newell Auctioneers,Duncanville,TX,False
05 KIA SOR KNDJD733855466132 43,1.0,12h  29m  ,250.0,3,https://texas.hibid.com/lot/84308827,JD Newell Auctioneers,Duncanville,TX,False
99 MERZ CLK320 WDBLK65G3XT006785 NK,1.0,12h  29m  ,225.0,2,https://texas.hibid.com/lot/84308828,JD Newell Auctioneers,Duncanville,TX,False
08 NIS ALT 1N4AL21E38N502362 NK,1.0,12h  29m  ,200.0,1,https://texas.hibid.com/lot/84308829,JD Newell Auctioneers,Duncanville,TX,False
19 NIS SENT 3N1AB7AP1KY202652 23,1.0,12h  29m  ,525.0,11,https://texas.hibid.com/lot/84308830,JD Newell Auctioneers,Duncanville,TX,False
02 TOY COR 1NXBR12E82Z583048 DSO,1.0,12h  29m  ,225.0,2,https://texas.hibid.com/lot/84308831,JD Newell Auctioneers,Duncanville,TX,False
20 VOLKS JET 3VWCB7BU2LM073465 NK,1.0,12h  30m  ,200.0,1,https://texas.hibid.com/lot/84308832,JD Newell Auctioneers,Duncanville,TX,False
08 GMC ARCD 1GKER13798J151729 NK,1.0,12h  30m  ,200.0,1,https://texas.hibid.com/lot/84308833,JD Newell Auctioneers,Duncanville,TX,False
95 GMC SIER 1GTEC14Z8SZ567213 NK,1.0,12h  30m  ,325.0,6,https://texas.hibid.com/lot/84308834,JD Newell Auctioneers,Duncanville,TX,False
06 SCION TC JTLDE177260096033,1.0,12h  30m  ,475.0,10,https://texas.hibid.com/lot/84308835,JD Newell Auctioneers,Duncanville,TX,False
10 CHRY 2C3CDA5CV1AH284626,1.0,12h  30m  ,250.0,3,https://texas.hibid.com/lot/84308836,JD Newell Auctioneers,Duncanville,TX,False
99 FOR MUST 1FAFP4441XF189085 NK,1.0,12h  30m  ,200.0,1,https://texas.hibid.com/lot/84308837,JD Newell Auctioneers,Duncanville,TX,False
17 CHEV MAL 1G1ZE5ST9HF169013 NK,1.0,12h  30m  ,3100.0,37,https://texas.hibid.com/lot/84308838,JD Newell Auctioneers,Duncanville,TX,False
11 CHEV HHR 3GNBACFU3BS569316 NK,1.0,12h  30m  ,300.0,5,https://texas.hibid.com/lot/84308839,JD Newell Auctioneers,Duncanville,TX,False
97 HON ACC 1HGCD5601VA032139 IV,1.0,12h  30m  ,200.0,1,https://texas.hibid.com/lot/84308840,JD Newell Auctioneers,Duncanville,TX,False
11 NIS ALT 1N4AL2AP4BN469073 NK,1.0,12h  30m  ,225.0,2,https://texas.hibid.com/lot/84308841,JD Newell Auctioneers,Duncanville,TX,False
14 NIS SENT 3N1AB7AP7EL650024,1.0,12h  30m  ,250.0,3,https://texas.hibid.com/lot/84308842,JD Newell Auctioneers,Duncanville,TX,False
95 TOY COR 1NXAE04B4SZ280823 NK,1.0,12h  30m  ,200.0,1,https://texas.hibid.com/lot/84308843,JD Newell Auctioneers,Duncanville,TX,False
97 TOY 4RUN JT3GM84R2V0016576,1.0,12h  31m  ,350.0,8,https://texas.hibid.com/lot/84308844,JD Newell Auctioneers,Duncanville,TX,False
12 Chev Impala 2g1wf5e32c1210853 Y,1.0,12h  31m  ,775.0,17,https://texas.hibid.com/lot/84308845,JD Newell Auctioneers,Duncanville,TX,False
08 DDGE AVGR 1B3LC56K28N684009 Y,1.0,12h  31m  ,650.0,17,https://texas.hibid.com/lot/84308846,JD Newell Auctioneers,Duncanville,TX,False
2011 Ford Escape 1FMCU0EG8BKA07384,1.0,15h  27m  ,4800.0,12,https://texas.hibid.com/lot/83040805,C.M. Company Auctions,Abilene,TX,False
2014 Ram Ram Pickup 2500 3C6TR5CT3EG178131,1.0,15h  27m  ,7000.0,26,https://texas.hibid.com/lot/82913550,C.M. Company Auctions,Abilene,TX,False
1994 Ford F-150 Centurion 1FTEF15H7RLB44598,1.0,15h  27m  ,3200.0,10,https://texas.hibid.com/lot/83040806,C.M. Company Auctions,Abilene,TX,False
2001 CADILLAC DEVILLE,1.0,15h  28m  ,0.0,0,https://texas.hibid.com/lot/82253820,C.M. Company Auctions,Benavides,TX,False
2008 Ford Expedition EL 1FMFK17528LA25967,1.0,15h  28m  ,3600.0,8,https://texas.hibid.com/lot/83040807,C.M. Company Auctions,Abilene,TX,False
2009 Honda Civic,1.0,15h  30m  ,650.0,4,https://texas.hibid.com/lot/82253824,C.M. Company Auctions,Benavides,TX,False
2012 Dodge Avenger,1.0,15h  30m  ,0.0,0,https://texas.hibid.com/lot/82253825,C.M. Company Auctions,Benavides,TX,False
2012 Dodge Charger,1.0,15h  32m  ,550.0,3,https://texas.hibid.com/lot/83740281,C.M. Company Auctions,Benavides,TX,False
2015 ELITE TRAILER,1.0,18h  27m  ,15000.0,22,https://texas.hibid.com/lot/82989279,Heidenheimer Auction Company,Temple,TX,False
LL-1997 CHEVY SILVERADO,1.0,18h  28m  ,2000.0,17,https://texas.hibid.com/lot/83093875,Heidenheimer Auction Company,Temple,TX,False
LL-2001 FORD F-350,1.0,18h  28m  ,6000.0,21,https://texas.hibid.com/lot/82796292,Heidenheimer Auction Company,Temple,TX,False
LL-2008 CHRYSLER TOWN & COUNTRY,1.0,18h  28m  ,1700.0,19,https://texas.hibid.com/lot/82989280,Heidenheimer Auction Company,Temple,TX,False
LL- 2000 FORD F250,1.0,18h  28m  ,1700.0,31,https://texas.hibid.com/lot/83708686,Heidenheimer Auction Company,Temple,TX,False
LOT 10- 1998 CHEVY SILVERADO FLAT BED,1.0,18h  46m  ,1025.0,24,https://texas.hibid.com/lot/83186640,Heidenheimer Auction Company,Temple,TX,False
Factory OEM Rims - Believed to be Jeep,1.0,19h  27m  ,3.0,1,https://texas.hibid.com/lot/84251885,Central Treasures,Van Alstyne,TX,True
2009 Mercedes Benz CLS 550,1.0,19h  57m  ,0.0,0,https://texas.hibid.com/lot/84235885,Shepherd Resources,Fort Worth,TX,True
2000 Toyota Sienna base,1.0,19h  58m  ,0.0,0,https://texas.hibid.com/lot/84554117,Shepherd Resources,Fort Worth,TX,True
2015 Freightliner Cascadia Evolution,1.0,1d  12h  2m  ,11250.0,42,https://texas.hibid.com/lot/83821174,Mel Davis Auctions,Elmendorf,TX,False
2006 MERCURY Grand Marquis,1.0,1d  17h  27m  ,550.0,7,https://texas.hibid.com/lot/84374130,Peak Auto Auctions - Texas,Dallas,TX,False
2001 ISUZU RODEO S/LS/LSE,1.0,1d  17h  27m  ,425.0,6,https://texas.hibid.com/lot/84374131,Peak Auto Auctions - Texas,Dallas,TX,False
2003 VOLKSWAGEN Passat,1.0,1d  17h  28m  ,425.0,5,https://texas.hibid.com/lot/84374132,Peak Auto Auctions - Texas,Dallas,TX,False
2005 CHEVROLET Impala,1.0,1d  17h  28m  ,425.0,6,https://texas.hibid.com/lot/84374133,Peak Auto Auctions - Texas,Dallas,TX,False
1997 Chevrolet ASTRO VAN,1.0,1d  17h  28m  ,525.0,5,https://texas.hibid.com/lot/84374134,Peak Auto Auctions - Texas,Dallas,TX,False
2005 CHEVROLET Impala,1.0,1d  17h  29m  ,500.0,3,https://texas.hibid.com/lot/84374135,Peak Auto Auctions - Texas,Dallas,TX,False
2007 SAAB 9-3 2.0T,1.0,1d  17h  29m  ,425.0,5,https://texas.hibid.com/lot/84374136,Peak Auto Auctions - Texas,Dallas,TX,False
2001 FORD Mustang,1.0,1d  17h  29m  ,625.0,6,https://texas.hibid.com/lot/84374137,Peak Auto Auctions - Texas,Dallas,TX,False
2004 CHEVROLET Impala,1.0,1d  17h  30m  ,375.0,5,https://texas.hibid.com/lot/84374138,Peak Auto Auctions - Texas,Dallas,TX,False
2000 ISUZU Rodeo,1.0,1d  17h  30m  ,375.0,5,https://texas.hibid.com/lot/84374139,Peak Auto Auctions - Texas,Dallas,TX,False
2004 CHEVROLET Impala,1.0,1d  17h  30m  ,425.0,5,https://texas.hibid.com/lot/84374140,Peak Auto Auctions - Texas,Dallas,TX,False
2011 MITSUBISHI Galant,1.0,1d  17h  31m  ,425.0,5,https://texas.hibid.com/lot/84374141,Peak Auto Auctions - Texas,Dallas,TX,False
2002 CHEVROLET Trailblazer,1.0,1d  17h  31m  ,525.0,5,https://texas.hibid.com/lot/84374142,Peak Auto Auctions - Texas,Dallas,TX,False
2002 Pontiac GRAND AM SE1,1.0,1d  17h  31m  ,375.0,4,https://texas.hibid.com/lot/84374143,Peak Auto Auctions - Texas,Dallas,TX,False
1999 PONTIAC GRAND PRIX GT,1.0,1d  17h  32m  ,325.0,4,https://texas.hibid.com/lot/84374144,Peak Auto Auctions - Texas,Dallas,TX,False
2004 OLDSMOBILE Alero,1.0,1d  17h  32m  ,300.0,4,https://texas.hibid.com/lot/84374145,Peak Auto Auctions - Texas,Dallas,TX,False
2003 CHRYSLER Town and Country,1.0,1d  17h  32m  ,425.0,5,https://texas.hibid.com/lot/84374146,Peak Auto Auctions - Texas,Dallas,TX,False
2007 SAAB 44442,1.0,1d  17h  33m  ,425.0,5,https://texas.hibid.com/lot/84374147,Peak Auto Auctions - Texas,Dallas,TX,False
2009 VOLKSWAGEN Jetta,1.0,1d  17h  33m  ,525.0,7,https://texas.hibid.com/lot/84374148,Peak Auto Auctions - Texas,Dallas,TX,False
2005 FORD Taurus,1.0,1d  17h  33m  ,500.0,5,https://texas.hibid.com/lot/84374149,Peak Auto Auctions - Texas,Dallas,TX,False
2002 CHEVROLET Malibu,1.0,1d  17h  34m  ,250.0,3,https://texas.hibid.com/lot/84374150,Peak Auto Auctions - Texas,Dallas,TX,False
2006 FORD Five Hundred,1.0,1d  17h  34m  ,475.0,4,https://texas.hibid.com/lot/84374151,Peak Auto Auctions - Texas,Dallas,TX,False
2005 CHEVROLET Malibu,1.0,1d  17h  34m  ,350.0,5,https://texas.hibid.com/lot/84374152,Peak Auto Auctions - Texas,Dallas,TX,False
2002 CHEVROLET Tahoe,1.0,1d  17h  35m  ,600.0,8,https://texas.hibid.com/lot/84374153,Peak Auto Auctions - Texas,Dallas,TX,False
2008 FORD F150 KEY,1.0,1d  17h  35m  ,1100.0,12,https://texas.hibid.com/lot/84374154,Peak Auto Auctions - Texas,Dallas,TX,False
2010 DODGE Charger,1.0,1d  17h  35m  ,925.0,5,https://texas.hibid.com/lot/84374155,Peak Auto Auctions - Texas,Dallas,TX,False
2005 CHRYSLER Pacifica,1.0,1d  17h  36m  ,550.0,4,https://texas.hibid.com/lot/84374156,Peak Auto Auctions - Texas,Dallas,TX,False
2007 CHEVROLET HHR,1.0,1d  17h  36m  ,425.0,6,https://texas.hibid.com/lot/84374157,Peak Auto Auctions - Texas,Dallas,TX,False
2000 TOYOTA 4-Runner,1.0,1d  17h  36m  ,650.0,7,https://texas.hibid.com/lot/84374158,Peak Auto Auctions - Texas,Dallas,TX,False
2004 LEXUS ES,1.0,1d  17h  37m  ,525.0,10,https://texas.hibid.com/lot/84374159,Peak Auto Auctions - Texas,Dallas,TX,False
2005 FORD F-150 KEY,1.0,1d  17h  37m  ,1100.0,15,https://texas.hibid.com/lot/84374160,Peak Auto Auctions - Texas,Dallas,TX,False
2002 HYUNDAI Sonata,1.0,1d  17h  37m  ,500.0,8,https://texas.hibid.com/lot/84374161,Peak Auto Auctions - Texas,Dallas,TX,False
2000 FORD Expedition,1.0,1d  17h  38m  ,475.0,5,https://texas.hibid.com/lot/84374162,Peak Auto Auctions - Texas,Dallas,TX,False
2008 PONTIAC Grand Prix KEY,1.0,1d  17h  38m  ,425.0,4,https://texas.hibid.com/lot/84374163,Peak Auto Auctions - Texas,Dallas,TX,False
2005 HYUNDAI XG 350,1.0,1d  17h  38m  ,450.0,7,https://texas.hibid.com/lot/84374164,Peak Auto Auctions - Texas,Dallas,TX,False
2006 FORD Fusion KEY,1.0,1d  17h  39m  ,500.0,5,https://texas.hibid.com/lot/84374165,Peak Auto Auctions - Texas,Dallas,TX,False
2005 CHEVROLET Aveo KEY,1.0,1d  17h  39m  ,525.0,4,https://texas.hibid.com/lot/84374166,Peak Auto Auctions - Texas,Dallas,TX,False
2004 FORD Expedition KEY,1.0,1d  17h  39m  ,575.0,7,https://texas.hibid.com/lot/84374167,Peak Auto Auctions - Texas,Dallas,TX,False
2005 MITSUBISHI Endeavor KEY,1.0,1d  17h  40m  ,525.0,5,https://texas.hibid.com/lot/84374168,Peak Auto Auctions - Texas,Dallas,TX,False
2004 GMC Envoy,1.0,1d  17h  40m  ,475.0,7,https://texas.hibid.com/lot/84374169,Peak Auto Auctions - Texas,Dallas,TX,False
2005 FORD F-150 KEY,1.0,1d  17h  40m  ,1300.0,11,https://texas.hibid.com/lot/84374170,Peak Auto Auctions - Texas,Dallas,TX,False
2018 MITSUBISHI MIRAGE G4 ES,1.0,1d  17h  41m  ,750.0,4,https://texas.hibid.com/lot/84374171,Peak Auto Auctions - Texas,Dallas,TX,False
2004 Chevrolet Silverado,1.0,1d  17h  41m  ,225.0,2,https://texas.hibid.com/lot/84374172,Peak Auto Auctions - Texas,Dallas,TX,False
2002 CADILLAC Deville,1.0,1d  17h  41m  ,600.0,8,https://texas.hibid.com/lot/84374173,Peak Auto Auctions - Texas,Dallas,TX,False
1996 BUICK Century,1.0,1d  17h  42m  ,250.0,3,https://texas.hibid.com/lot/84374174,Peak Auto Auctions - Texas,Dallas,TX,False
2000 SUZUKI Vitara,1.0,1d  17h  42m  ,250.0,3,https://texas.hibid.com/lot/84374175,Peak Auto Auctions - Texas,Dallas,TX,False
2004 KIA Spectra LD,1.0,1d  17h  42m  ,400.0,7,https://texas.hibid.com/lot/84374176,Peak Auto Auctions - Texas,Dallas,TX,False
2007 TOYOTA CAMRY LE/XLE/SE KEY,1.0,1d  17h  43m  ,1100.0,20,https://texas.hibid.com/lot/84374177,Peak Auto Auctions - Texas,Dallas,TX,False
2009 KIA Sedona KEY,1.0,1d  17h  43m  ,775.0,5,https://texas.hibid.com/lot/84374178,Peak Auto Auctions - Texas,Dallas,TX,False
2004 CADILLAC CTS,1.0,1d  17h  43m  ,675.0,11,https://texas.hibid.com/lot/84374179,Peak Auto Auctions - Texas,Dallas,TX,False
2003 FORD F-150,1.0,1d  17h  44m  ,775.0,7,https://texas.hibid.com/lot/84374180,Peak Auto Auctions - Texas,Dallas,TX,False
2002 LEXUS LS 430,1.0,1d  17h  44m  ,675.0,12,https://texas.hibid.com/lot/84374181,Peak Auto Auctions - Texas,Dallas,TX,False
2006 INFINITI M35 SEDAN/SPORT KEY,1.0,1d  17h  44m  ,875.0,7,https://texas.hibid.com/lot/84374182,Peak Auto Auctions - Texas,Dallas,TX,False
2004 GMC Yukon KEY,1.0,1d  17h  45m  ,375.0,8,https://texas.hibid.com/lot/84374183,Peak Auto Auctions - Texas,Dallas,TX,False
2001 CHEVROLET Silverado,1.0,1d  17h  45m  ,200.0,1,https://texas.hibid.com/lot/84374184,Peak Auto Auctions - Texas,Dallas,TX,False
2011 NISSAN Sentra KEY,1.0,1d  17h  45m  ,600.0,9,https://texas.hibid.com/lot/84374185,Peak Auto Auctions - Texas,Dallas,TX,False
2010 CHEVROLET AVEO LS/LT KEY,1.0,1d  17h  46m  ,625.0,7,https://texas.hibid.com/lot/84374186,Peak Auto Auctions - Texas,Dallas,TX,False
2005 HYUNDAI Elantra,1.0,1d  17h  46m  ,425.0,7,https://texas.hibid.com/lot/84374187,Peak Auto Auctions - Texas,Dallas,TX,False
2008 VOLVO XC90,1.0,1d  17h  46m  ,575.0,6,https://texas.hibid.com/lot/84374188,Peak Auto Auctions - Texas,Dallas,TX,False
1984 Honda CB700SC,1.0,1d  17h  47m  ,0.0,0,https://texas.hibid.com/lot/84374189,Peak Auto Auctions - Texas,Dallas,TX,False
2009 NISSAN Altima,1.0,1d  17h  47m  ,400.0,6,https://texas.hibid.com/lot/84374190,Peak Auto Auctions - Texas,Dallas,TX,False
2006 HONDA Accord,1.0,1d  17h  47m  ,425.0,7,https://texas.hibid.com/lot/84374191,Peak Auto Auctions - Texas,Dallas,TX,False
2007 FORD Fusion KEY,1.0,1d  17h  48m  ,525.0,4,https://texas.hibid.com/lot/84374192,Peak Auto Auctions - Texas,Dallas,TX,False
2009 PONTIAC G6 KEY,1.0,1d  17h  48m  ,375.0,4,https://texas.hibid.com/lot/84374193,Peak Auto Auctions - Texas,Dallas,TX,False
2005 CHEVROLET Impala,1.0,1d  17h  48m  ,250.0,3,https://texas.hibid.com/lot/84374194,Peak Auto Auctions - Texas,Dallas,TX,False
2005 KIA Sorento KEY,1.0,1d  17h  49m  ,525.0,8,https://texas.hibid.com/lot/84374195,Peak Auto Auctions - Texas,Dallas,TX,False
2009 CHRYSLER 300 LX KEY,1.0,1d  17h  49m  ,625.0,10,https://texas.hibid.com/lot/84374196,Peak Auto Auctions - Texas,Dallas,TX,False
2005 TOYOTA Camry Solara,1.0,1d  17h  49m  ,600.0,9,https://texas.hibid.com/lot/84374197,Peak Auto Auctions - Texas,Dallas,TX,False
2007 DODGE Ram,1.0,1d  17h  50m  ,1100.0,18,https://texas.hibid.com/lot/84374198,Peak Auto Auctions - Texas,Dallas,TX,False
2009 NISSAN MURANO S/SL/LE KEY,1.0,1d  17h  50m  ,1550.0,15,https://texas.hibid.com/lot/84374199,Peak Auto Auctions - Texas,Dallas,TX,False
2008 INFINITI G35,1.0,1d  17h  50m  ,275.0,4,https://texas.hibid.com/lot/84374200,Peak Auto Auctions - Texas,Dallas,TX,False
1996 PONTIAC Sunfire,1.0,1d  17h  51m  ,225.0,2,https://texas.hibid.com/lot/84374201,Peak Auto Auctions - Texas,Dallas,TX,False
2010 DODGE GRAND CARAVAN SE KEY,1.0,1d  17h  51m  ,650.0,7,https://texas.hibid.com/lot/84374202,Peak Auto Auctions - Texas,Dallas,TX,False
2005 HYUNDAI SONATA GL,1.0,1d  17h  51m  ,500.0,9,https://texas.hibid.com/lot/84374203,Peak Auto Auctions - Texas,Dallas,TX,False
1998 NISSAN Sentra,1.0,1d  17h  52m  ,225.0,2,https://texas.hibid.com/lot/84374204,Peak Auto Auctions - Texas,Dallas,TX,False
2006 SUBARU B9 TRIBECA 3.0 H6/LIMITED,1.0,1d  17h  52m  ,550.0,8,https://texas.hibid.com/lot/84374205,Peak Auto Auctions - Texas,Dallas,TX,False
2002 CHEVROLET Malibu,1.0,1d  17h  52m  ,225.0,2,https://texas.hibid.com/lot/84374206,Peak Auto Auctions - Texas,Dallas,TX,False
1996 TOYOTA Camry,1.0,1d  17h  53m  ,250.0,3,https://texas.hibid.com/lot/84374207,Peak Auto Auctions - Texas,Dallas,TX,False
2012 Mitsubishi Galant,1.0,1d  17h  53m  ,550.0,2,https://texas.hibid.com/lot/84374208,Peak Auto Auctions - Texas,Dallas,TX,False
2003 Mitsubishi LANCER ES,1.0,1d  17h  53m  ,225.0,2,https://texas.hibid.com/lot/84374209,Peak Auto Auctions - Texas,Dallas,TX,False
2009 FORD MUSTANG,1.0,1d  17h  54m  ,625.0,5,https://texas.hibid.com/lot/84374210,Peak Auto Auctions - Texas,Dallas,TX,False
2006 CHEVROLET Equinox KEY,1.0,1d  17h  54m  ,550.0,3,https://texas.hibid.com/lot/84374211,Peak Auto Auctions - Texas,Dallas,TX,False
2002 TOYOTA AVALON XL/XLS,1.0,1d  17h  54m  ,475.0,8,https://texas.hibid.com/lot/84374212,Peak Auto Auctions - Texas,Dallas,TX,False
1998 FORD F150 KEY,1.0,1d  17h  55m  ,625.0,10,https://texas.hibid.com/lot/84374213,Peak Auto Auctions - Texas,Dallas,TX,False
2003 NISSAN Altima,1.0,1d  17h  55m  ,225.0,2,https://texas.hibid.com/lot/84374214,Peak Auto Auctions - Texas,Dallas,TX,False
1997 JEEP Cherokee KEY,1.0,1d  17h  55m  ,250.0,3,https://texas.hibid.com/lot/84374215,Peak Auto Auctions - Texas,Dallas,TX,False
2001 INTERNATIONAL Genesis,1.0,1d  17h  56m  ,250.0,3,https://texas.hibid.com/lot/84374216,Peak Auto Auctions - Texas,Dallas,TX,False
1999 FORD Explorer,1.0,1d  17h  56m  ,500.0,6,https://texas.hibid.com/lot/84374217,Peak Auto Auctions - Texas,Dallas,TX,False
2005 DODGE Durango KEY,1.0,1d  17h  56m  ,475.0,4,https://texas.hibid.com/lot/84374218,Peak Auto Auctions - Texas,Dallas,TX,False
2006 INFINITI M45 KEY,1.0,1d  17h  57m  ,450.0,6,https://texas.hibid.com/lot/84374219,Peak Auto Auctions - Texas,Dallas,TX,False
1999 ACURA TL KEY,1.0,1d  17h  57m  ,400.0,7,https://texas.hibid.com/lot/84435567,Peak Auto Auctions - Texas,Dallas,TX,False
2013 Polaris Gem eL XD(Trailer Not Inclued,1.0,Webcast,1225.0,11,https://texas.hibid.com/lot/84515506,Alamo Auctioneers LLC,San Anntonio,TX,False
2000 Dodge dakota SLT/4WD,1.0,Webcast,200.0,1,https://texas.hibid.com/lot/84573954,Alamo Auctioneers LLC,San Anntonio,TX,False
1974 Cadillac Fleetwood seventy five,1.0,Webcast,0.0,0,https://texas.hibid.com/lot/84515508,Alamo Auctioneers LLC,San Anntonio,TX,False
2009 Ford F150 2WD,1.0,Webcast,1350.0,17,https://texas.hibid.com/lot/84515509,Alamo Auctioneers LLC,San Anntonio,TX,False
2001 Dodge Ram 1500,1.0,Webcast,0.0,0,https://texas.hibid.com/lot/84573955,Alamo Auctioneers LLC,San Anntonio,TX,False
2002 Chrysler Town and Country,1.0,Webcast,425.0,8,https://texas.hibid.com/lot/84573956,Alamo Auctioneers LLC,San Anntonio,TX,False
1998 Cadillac Deville,1.0,Webcast,425.0,7,https://texas.hibid.com/lot/84573957,Alamo Auctioneers LLC,San Anntonio,TX,False
2003 Chevrolet Impala,1.0,Webcast,200.0,1,https://texas.hibid.com/lot/84515513,Alamo Auctioneers LLC,San Anntonio,TX,False
2000 Honda Accord,1.0,Webcast,200.0,1,https://texas.hibid.com/lot/84573958,Alamo Auctioneers LLC,San Anntonio,TX,False
1999 Ford Expedition Eddie Bauer,1.0,Webcast,250.0,3,https://texas.hibid.com/lot/84573959,Alamo Auctioneers LLC,San Anntonio,TX,False
2003 Mazda 6,1.0,Webcast,0.0,0,https://texas.hibid.com/lot/84573960,Alamo Auctioneers LLC,San Anntonio,TX,False
2005 Kia Amanti,1.0,Webcast,0.0,0,https://texas.hibid.com/lot/84573961,Alamo Auctioneers LLC,San Anntonio,TX,False
2006 Ford Ranger 2WD,1.0,Webcast,350.0,7,https://texas.hibid.com/lot/84515517,Alamo Auctioneers LLC,San Anntonio,TX,False
2010 Nissan Altima,1.0,Webcast,200.0,1,https://texas.hibid.com/lot/84515518,Alamo Auctioneers LLC,San Anntonio,TX,False
2001 Nissan Xterra 2wd,1.0,Webcast,525.0,9,https://texas.hibid.com/lot/84515519,Alamo Auctioneers LLC,San Anntonio,TX,False
2002 Subaru Legacy AWD,1.0,Webcast,300.0,4,https://texas.hibid.com/lot/84515520,Alamo Auctioneers LLC,San Anntonio,TX,False
2000 Ford Tauras,1.0,Webcast,225.0,2,https://texas.hibid.com/lot/84515521,Alamo Auctioneers LLC,San Anntonio,TX,False
2001 Chevrolet Silverado 1500 2WD,1.0,Webcast,300.0,6,https://texas.hibid.com/lot/84565617,Alamo Auctioneers LLC,San Anntonio,TX,False
2002 Ford Explorer Sport 4WD,1.0,Webcast,200.0,1,https://texas.hibid.com/lot/84515523,Alamo Auctioneers LLC,San Anntonio,TX,False
2001 Dodge Ram 1500 2wd,1.0,Webcast,200.0,1,https://texas.hibid.com/lot/84515524,Alamo Auctioneers LLC,San Anntonio,TX,False
2001 Subaru Outback AWD,1.0,Webcast,0.0,0,https://texas.hibid.com/lot/84579133,Alamo Auctioneers LLC,San Anntonio,TX,False
2002 Volkswagen Bettle,1.0,Webcast,475.0,8,https://texas.hibid.com/lot/84515525,Alamo Auctioneers LLC,San Anntonio,TX,False
2003 Ford Taurus,1.0,Webcast,200.0,1,https://texas.hibid.com/lot/84579134,Alamo Auctioneers LLC,San Anntonio,TX,False
2002 Toyota Prius Hybrid,1.0,Webcast,0.0,0,https://texas.hibid.com/lot/84573962,Alamo Auctioneers LLC,San Anntonio,TX,False
2005 Lincoln Navigator 2WD,1.0,Webcast,2025.0,32,https://texas.hibid.com/lot/84579135,Alamo Auctioneers LLC,San Anntonio,TX,False
2000 Honda Accord EX,1.0,Webcast,0.0,0,https://texas.hibid.com/lot/84573963,Alamo Auctioneers LLC,San Anntonio,TX,False
2014 Dodge Grand Caravan SXT,1.0,Webcast,225.0,2,https://texas.hibid.com/lot/84515528,Alamo Auctioneers LLC,San Anntonio,TX,False
2009 Ford F250 2WD,1.0,Webcast,3050.0,63,https://texas.hibid.com/lot/84515529,Alamo Auctioneers LLC,San Anntonio,TX,False
2004 Volkswagen Jetta,1.0,Webcast,200.0,1,https://texas.hibid.com/lot/84515530,Alamo Auctioneers LLC,San Anntonio,TX,False
2007 Chrysler Pacifica 2wd,1.0,Webcast,200.0,1,https://texas.hibid.com/lot/84567258,Alamo Auctioneers LLC,San Anntonio,TX,False
2001 Infiniti I30,1.0,Webcast,0.0,0,https://texas.hibid.com/lot/84575603,Alamo Auctioneers LLC,San Anntonio,TX,False
2001 Honda Accord EX,1.0,Webcast,0.0,0,https://texas.hibid.com/lot/84579136,Alamo Auctioneers LLC,San Anntonio,TX,False
2002 Honda Accord EX,1.0,Webcast,0.0,0,https://texas.hibid.com/lot/84579137,Alamo Auctioneers LLC,San Anntonio,TX,False
1999 GMC Yukon 4WD,1.0,Webcast,200.0,1,https://texas.hibid.com/lot/84579138,Alamo Auctioneers LLC,San Anntonio,TX,False
2004 Chevrolet Cavalier,1.0,Webcast,0.0,0,https://texas.hibid.com/lot/84579139,Alamo Auctioneers LLC,San Anntonio,TX,False
2001 Mercury Sable,1.0,Webcast,200.0,1,https://texas.hibid.com/lot/84579140,Alamo Auctioneers LLC,San Anntonio,TX,False
2010 Nissan Altima,1.0,Webcast,200.0,1,https://texas.hibid.com/lot/84579141,Alamo Auctioneers LLC,San Anntonio,TX,False
2006 Nissan Altima,1.0,Webcast,200.0,2,https://texas.hibid.com/lot/84579142,Alamo Auctioneers LLC,San Anntonio,TX,False
2002 Volvo S60 Turbo,1.0,Webcast,0.0,0,https://texas.hibid.com/lot/84579143,Alamo Auctioneers LLC,San Anntonio,TX,False
2004 Honda Civic DX,1.0,Webcast,0.0,0,https://texas.hibid.com/lot/84579144,Alamo Auctioneers LLC,San Anntonio,TX,False
2003 Nissan Alitma,1.0,Webcast,0.0,0,https://texas.hibid.com/lot/84579145,Alamo Auctioneers LLC,San Anntonio,TX,False
2004 Ford F350 Flat bed,1.0,Webcast,1050.0,27,https://texas.hibid.com/lot/84414172,Alamo Auctioneers LLC,San Anntonio,TX,False
"Soft Roof Rack, 2k",1.0,,8.0,5,https://texas.hibid.com/lot/84150088,Lone Wolf Estate & Auction Services,Terrell,TX,False
Front Bucket Seat Covers,1.0,,5.0,1,https://texas.hibid.com/lot/84150122,Lone Wolf Estate & Auction Services,Terrell,TX,False
"15"" QZS Steering Wheel Cover",1.0,,0.0,0,https://texas.hibid.com/lot/84397206,Lone Wolf Estate & Auction Services,Terrell,TX,False
Mostplus M 17007Y Hub,1.0,3d  15h  7m  ,0.0,0,https://texas.hibid.com/lot/84464110,Lone Wolf Estate & Auction Services,Terrell,TX,False
(2) Wippi Wiper Blades,1.0,3d  15h  10m  ,0.0,0,https://texas.hibid.com/lot/84464120,Lone Wolf Estate & Auction Services,Terrell,TX,False
Pair of Headlights,1.0,3d  15h  12m  ,0.0,0,https://texas.hibid.com/lot/84464130,Lone Wolf Estate & Auction Services,Terrell,TX,False
Hooke Road Shark Grill Matte Black Front Grille,1.0,3d  15h  24m  ,0.0,0,https://texas.hibid.com/lot/84635052,Lone Wolf Estate & Auction Services,Terrell,TX,False
Kiwi Master All Weather Floor Mats & Trunk Mat Set,1.0,3d  15h  24m  ,0.0,0,https://texas.hibid.com/lot/84635053,Lone Wolf Estate & Auction Services,Terrell,TX,False
Vehicle Screen Radio With Remote,1.0,3d  15h  34m  ,0.0,0,https://texas.hibid.com/lot/84635094,Lone Wolf Estate & Auction Services,Terrell,TX,False
GLISTON Paintless Dent Hail Damage Remover,1.0,3d  15h  36m  ,0.0,0,https://texas.hibid.com/lot/84635103,Lone Wolf Estate & Auction Services,Terrell,TX,False
Muffler Parts,1.0,3d  15h  53m  ,0.0,0,https://texas.hibid.com/lot/84635171,Lone Wolf Estate & Auction Services,Terrell,TX,False
2014 Audi S8,1.0,3d  19h  57m  ,10000.0,1,https://texas.hibid.com/lot/84420523,Aiken Vintage,Spring,TX,True
2008 Porsche 911 Carrera,1.0,3d  20h  2m  ,0.0,0,https://texas.hibid.com/lot/84533165,Aiken Vintage,Spring,TX,True
1967 Chevrolet Camaro,1.0,3d  20h  2m  ,11500.0,5,https://texas.hibid.com/lot/84533166,Aiken Vintage,Spring,TX,True
2007 MERCEDES-BENZ C-Class WDBRF52H67E027706,1.0,4d  11h  28m  ,575.0,14,https://texas.hibid.com/lot/83778466,VSF Auto Auctions,Mesquite,TX,False
2007 NISSAN ALTIMA 3.5 SE 1N4BL21E17N480882,1.0,4d  11h  29m  ,200.0,1,https://texas.hibid.com/lot/83778468,VSF Auto Auctions,Mesquite,TX,False
2007 HONDA Civic 1HGFA168X7L002178,1.0,4d  11h  29m  ,475.0,12,https://texas.hibid.com/lot/83778469,VSF Auto Auctions,Mesquite,TX,False
2005 CHEVROLET IMPALA LS 2G1WH52K959122490,1.0,4d  11h  30m  ,250.0,3,https://texas.hibid.com/lot/83778471,VSF Auto Auctions,Mesquite,TX,False
2001 CHEVROLET IMPALA 2G1WF55EX19190335,1.0,4d  11h  31m  ,225.0,2,https://texas.hibid.com/lot/83778472,VSF Auto Auctions,Mesquite,TX,False
2001 HONDA CIVIC LX 1HGEM21501L027152,1.0,4d  11h  31m  ,525.0,11,https://texas.hibid.com/lot/83778473,VSF Auto Auctions,Mesquite,TX,False
2001 LEXUS RX 300 JTJGF10U010101849,1.0,4d  11h  33m  ,325.0,6,https://texas.hibid.com/lot/83778477,VSF Auto Auctions,Mesquite,TX,False
2002 CHEVROLET MALIBU LS 1G1NE52JX2M697238,1.0,4d  11h  34m  ,0.0,0,https://texas.hibid.com/lot/83778478,VSF Auto Auctions,Mesquite,TX,False
2012 TOYOTA CAMRY 4T1BF1FK1CU584133,1.0,4d  11h  35m  ,575.0,12,https://texas.hibid.com/lot/83778480,VSF Auto Auctions,Mesquite,TX,False
2010 FORD Fusion 3FAHP0HA7AR278753,1.0,4d  11h  36m  ,350.0,7,https://texas.hibid.com/lot/83778483,VSF Auto Auctions,Mesquite,TX,False
2005 FORD Crown Victoria 2FAFP71WX5X123613,1.0,4d  11h  37m  ,275.0,5,https://texas.hibid.com/lot/83778484,VSF Auto Auctions,Mesquite,TX,False
2012 Kia Forte Koup KNAFU6A24C5480842,1.0,4d  11h  38m  ,350.0,7,https://texas.hibid.com/lot/83778486,VSF Auto Auctions,Mesquite,TX,False
2012 NISSAN MAXIMA S/SV 1N4AA5APXCC857073,1.0,4d  11h  38m  ,750.0,19,https://texas.hibid.com/lot/83778487,VSF Auto Auctions,Mesquite,TX,False
2000 BUICK CENTURY CUSTOM 2G4WS52J9Y1335583,1.0,4d  11h  39m  ,0.0,0,https://texas.hibid.com/lot/83778488,VSF Auto Auctions,Mesquite,TX,False
2007 KIA Spectra KNAFE121375412401,1.0,4d  11h  40m  ,200.0,1,https://texas.hibid.com/lot/83778490,VSF Auto Auctions,Mesquite,TX,False
2000 HONDA CIVIC EX 1HGEJ8647YL067993,1.0,4d  11h  40m  ,450.0,11,https://texas.hibid.com/lot/83778491,VSF Auto Auctions,Mesquite,TX,False
2002 TOYOTA COROLLA CE/LE/S 2T1BR12E72C560894,1.0,4d  11h  41m  ,225.0,2,https://texas.hibid.com/lot/83778492,VSF Auto Auctions,Mesquite,TX,False
2006 HYUNDAI SONATA GLS/LX 5NPEU46F76H047342,1.0,4d  11h  41m  ,575.0,13,https://texas.hibid.com/lot/83778493,VSF Auto Auctions,Mesquite,TX,False
2004 FORD Taurus 1FAHP53294A197734,1.0,4d  11h  42m  ,200.0,1,https://texas.hibid.com/lot/83778494,VSF Auto Auctions,Mesquite,TX,False
2007 FORD FOCUS ZX4 1FAHP34NX7W261946,1.0,4d  11h  42m  ,200.0,1,https://texas.hibid.com/lot/83778495,VSF Auto Auctions,Mesquite,TX,False
2009 PONTIAC G6 1G2ZH57NX94194528,1.0,4d  11h  43m  ,200.0,1,https://texas.hibid.com/lot/84551756,VSF Auto Auctions,Mesquite,TX,False
2014 NISSAN ALTIMA 2.5/S/SV/SL 1N4AL3AP1EN240912,1.0,4d  11h  43m  ,250.0,4,https://texas.hibid.com/lot/84551757,VSF Auto Auctions,Mesquite,TX,False
2002 TOYOTA Corolla 1NXBR12E82Z640512,1.0,4d  11h  44m  ,200.0,1,https://texas.hibid.com/lot/84551758,VSF Auto Auctions,Mesquite,TX,False
2010 NISSAN ALTIMA 2.5/2.5 S 1N4AL2AP0AN541126,1.0,4d  11h  44m  ,300.0,3,https://texas.hibid.com/lot/84551759,VSF Auto Auctions,Mesquite,TX,False
2000 TOYOTA CAMRY CE/LE/XLE JT2BG22K9Y0460907,1.0,4d  11h  45m  ,325.0,5,https://texas.hibid.com/lot/84551760,VSF Auto Auctions,Mesquite,TX,False
2003 Ford Expedition,1.0,4d  13h  27m  ,275.0,7,https://texas.hibid.com/lot/84160821,Apple Towing Co,Falfurrias,TX,False
2009 Saturn Aura,1.0,4d  13h  27m  ,825.0,7,https://texas.hibid.com/lot/84160822,Apple Towing Co,Falfurrias,TX,False
2005 Ford F250 Super Duty,1.0,4d  13h  27m  ,0.0,0,https://texas.hibid.com/lot/84160823,Apple Towing Co,Falfurrias,TX,False
2004 Lincoln Navigator,1.0,4d  13h  27m  ,275.0,4,https://texas.hibid.com/lot/84558460,Apple Towing Co,Falfurrias,TX,False
2015 Nissan Sentra,1.0,4d  13h  28m  ,2800.0,11,https://texas.hibid.com/lot/84160824,Apple Towing Co,Falfurrias,TX,False
2011 Lexus RX450H Hybrid,1.0,4d  13h  28m  ,5150.0,36,https://texas.hibid.com/lot/84160825,Apple Towing Co,Falfurrias,TX,False
2004 Jeep Grand Cherokee,1.0,4d  13h  28m  ,625.0,14,https://texas.hibid.com/lot/84160826,Apple Towing Co,Falfurrias,TX,False
2010 Chevrolet Traverse,1.0,4d  13h  28m  ,1800.0,10,https://texas.hibid.com/lot/84160827,Apple Towing Co,Falfurrias,TX,False
2003 Ford Taurus,1.0,4d  13h  28m  ,250.0,3,https://texas.hibid.com/lot/84160828,Apple Towing Co,Falfurrias,TX,False
2012 Chevrolet Traverse,1.0,4d  13h  28m  ,990.0,15,https://texas.hibid.com/lot/84160829,Apple Towing Co,Falfurrias,TX,False
2007 Volkswagon Jetta,1.0,4d  13h  29m  ,250.0,7,https://texas.hibid.com/lot/84160830,Apple Towing Co,Falfurrias,TX,False
2004 Nissan Titan,1.0,4d  13h  29m  ,2500.0,18,https://texas.hibid.com/lot/84160831,Apple Towing Co,Falfurrias,TX,False
2000 Chevrolet Silverado 2500,1.0,4d  13h  29m  ,950.0,6,https://texas.hibid.com/lot/84160832,Apple Towing Co,Falfurrias,TX,False
2008 Jeep Patriot,1.0,4d  13h  29m  ,1550.0,22,https://texas.hibid.com/lot/84160833,Apple Towing Co,Falfurrias,TX,False
2012 Ford Fusion,1.0,4d  13h  29m  ,1700.0,12,https://texas.hibid.com/lot/84160834,Apple Towing Co,Falfurrias,TX,False
2004 Chevrolet Avalanche,1.0,4d  13h  29m  ,1300.0,10,https://texas.hibid.com/lot/84160835,Apple Towing Co,Falfurrias,TX,False
2007 GMC Yukon,1.0,4d  13h  30m  ,3250.0,14,https://texas.hibid.com/lot/84160836,Apple Towing Co,Falfurrias,TX,False
2011 Chevrolet Impala,1.0,4d  13h  30m  ,575.0,10,https://texas.hibid.com/lot/84160837,Apple Towing Co,Falfurrias,TX,False
2007 Cadillac CTS,1.0,4d  13h  30m  ,325.0,10,https://texas.hibid.com/lot/84160838,Apple Towing Co,Falfurrias,TX,False
2004 Ford Expedition,1.0,4d  13h  30m  ,650.0,10,https://texas.hibid.com/lot/84160839,Apple Towing Co,Falfurrias,TX,False
2006 Nissan Sentra,1.0,4d  13h  30m  ,225.0,6,https://texas.hibid.com/lot/84160840,Apple Towing Co,Falfurrias,TX,False
1971 International 1500D 314501h942203 PARTS ONLY,1.0,5d  12h  27m  ,0.0,0,https://texas.hibid.com/lot/84487400,JD Newell Auctioneers,Royse City,TX,False
2001 Hyundai Tiburon KMHJG25F81U2523523,1.0,5d  12h  27m  ,200.0,1,https://texas.hibid.com/lot/84487402,JD Newell Auctioneers,Royse City,TX,False
2006 Jeep Commander 1J8HG58276C343597,1.0,5d  12h  27m  ,0.0,0,https://texas.hibid.com/lot/84487403,JD Newell Auctioneers,Royse City,TX,False
2007 Dodge Charger 2b3la43h57h844027 Bonded title,1.0,5d  12h  27m  ,0.0,0,https://texas.hibid.com/lot/84487404,JD Newell Auctioneers,Royse City,TX,False
2002 Mitsubishi Galant 4a3aa46g32e054389,1.0,5d  12h  27m  ,0.0,0,https://texas.hibid.com/lot/84487405,JD Newell Auctioneers,Royse City,TX,False
2009 Toyota Corolla 2T1BU40E89C134760,1.0,5d  12h  27m  ,200.0,1,https://texas.hibid.com/lot/84487406,JD Newell Auctioneers,Royse City,TX,False
1998 Jeep Comanche 1j4ft68s4wl224920 parts only,1.0,5d  12h  28m  ,0.0,0,https://texas.hibid.com/lot/84487407,JD Newell Auctioneers,Royse City,TX,False
2009 Chevy Malibu 1g1zj57b19f125617,1.0,5d  12h  28m  ,0.0,0,https://texas.hibid.com/lot/84487408,JD Newell Auctioneers,Royse City,TX,False
2008 Chevy Impala 2G1WT58K689266217,1.0,5d  12h  28m  ,0.0,0,https://texas.hibid.com/lot/84487409,JD Newell Auctioneers,Royse City,TX,False
1977 International 1110 4x4 B47107h307723 PARTS ON,1.0,5d  12h  28m  ,0.0,0,https://texas.hibid.com/lot/84487410,JD Newell Auctioneers,Royse City,TX,False
1989 Ford Van 1FTEE14Y7KHA59161,1.0,5d  12h  28m  ,0.0,0,https://texas.hibid.com/lot/84487411,JD Newell Auctioneers,Royse City,TX,False
1998 Chevy 2500 1GCGC24R0WZ119536,1.0,5d  12h  28m  ,200.0,1,https://texas.hibid.com/lot/84487412,JD Newell Auctioneers,Royse City,TX,False
2013 Nissan Versa 3N1CN7AP4DL889853,1.0,5d  12h  28m  ,0.0,0,https://texas.hibid.com/lot/84487413,JD Newell Auctioneers,Royse City,TX,False
2004 Chrysler Sebring 1C3EL56R5YN310996,1.0,5d  12h  28m  ,0.0,0,https://texas.hibid.com/lot/84487414,JD Newell Auctioneers,Royse City,TX,False
2005 Ford Focus 1FAFP34N85W247354,1.0,5d  12h  28m  ,0.0,0,https://texas.hibid.com/lot/84487415,JD Newell Auctioneers,Royse City,TX,False
1995 Mercury Villager 4M2DV11W0SDJ42527,1.0,5d  12h  28m  ,0.0,0,https://texas.hibid.com/lot/84487416,JD Newell Auctioneers,Royse City,TX,False
2002 Ford F150 1FTRX07W92KB81233,1.0,5d  12h  29m  ,225.0,2,https://texas.hibid.com/lot/84487417,JD Newell Auctioneers,Royse City,TX,False
2003 Ford Taurus 1FAFP55253A179928,1.0,5d  12h  29m  ,200.0,1,https://texas.hibid.com/lot/84487418,JD Newell Auctioneers,Royse City,TX,False
2002 Acura Tl 19UUA56682A0232736,1.0,5d  12h  29m  ,200.0,1,https://texas.hibid.com/lot/84487419,JD Newell Auctioneers,Royse City,TX,False
2005 Dodge Durango 1D4HB48D35F502312,1.0,5d  12h  29m  ,200.0,1,https://texas.hibid.com/lot/84487420,JD Newell Auctioneers,Royse City,TX,False
2008 Chrysler Pt cruiser 3A8FY48BXT162595,1.0,5d  12h  29m  ,200.0,1,https://texas.hibid.com/lot/84487421,JD Newell Auctioneers,Royse City,TX,False
1999 Buick Lesabre 1G4HR52K7XH494594,1.0,5d  12h  29m  ,200.0,1,https://texas.hibid.com/lot/84487422,JD Newell Auctioneers,Royse City,TX,False
2014 Nissan VERSA 3N1CN7AP0El800846,1.0,5d  12h  29m  ,200.0,1,https://texas.hibid.com/lot/84487423,JD Newell Auctioneers,Royse City,TX,False
2003 Ford F150 2FTRF17273CA11500,1.0,5d  12h  29m  ,225.0,2,https://texas.hibid.com/lot/84487424,JD Newell Auctioneers,Royse City,TX,False
2002 Ford Focus 3FAFP31342R188238,1.0,5d  12h  29m  ,200.0,1,https://texas.hibid.com/lot/84487425,JD Newell Auctioneers,Royse City,TX,False
2004 Dodge Stratus 1B3EL36X74N112842,1.0,5d  12h  29m  ,0.0,0,https://texas.hibid.com/lot/84487426,JD Newell Auctioneers,Royse City,TX,False
2006 Ford F250 1FTSF20P76ED91661,1.0,5d  12h  30m  ,200.0,1,https://texas.hibid.com/lot/84487427,JD Newell Auctioneers,Royse City,TX,False
2002 Chev Impala 2G1WFF55E229231526,1.0,5d  12h  30m  ,0.0,0,https://texas.hibid.com/lot/84487428,JD Newell Auctioneers,Royse City,TX,False
2009 Chev HHR 3GNCA13B09S613276,1.0,5d  12h  30m  ,200.0,1,https://texas.hibid.com/lot/84487429,JD Newell Auctioneers,Royse City,TX,False
2005 Green GMC Envoy,1.0,Webcast,200.0,1,https://texas.hibid.com/lot/84336989,"AMT Auction Marketing, LLC",San Antonio,TX,False
1998 Black Ford F150,1.0,Webcast,0.0,0,https://texas.hibid.com/lot/84336990,"AMT Auction Marketing, LLC",San Antonio,TX,False
2001 Silver Dodge 1500,1.0,Webcast,225.0,2,https://texas.hibid.com/lot/84336991,"AMT Auction Marketing, LLC",San Antonio,TX,False
2002 Green Toyota Corolla,1.0,Webcast,200.0,1,https://texas.hibid.com/lot/84336992,"AMT Auction Marketing, LLC",San Antonio,TX,False
2004 Beige Volks Jetta,1.0,Webcast,225.0,2,https://texas.hibid.com/lot/84336993,"AMT Auction Marketing, LLC",San Antonio,TX,False
2013 Black Chevy Equinox,1.0,Webcast,800.0,9,https://texas.hibid.com/lot/84336994,"AMT Auction Marketing, LLC",San Antonio,TX,False
2002 Maroon Buick Century,1.0,Webcast,0.0,0,https://texas.hibid.com/lot/84336995,"AMT Auction Marketing, LLC",San Antonio,TX,False
2012 White Mazda Mazda 5,1.0,Webcast,550.0,10,https://texas.hibid.com/lot/84336996,"AMT Auction Marketing, LLC",San Antonio,TX,False
1993 Black Buick Le Sabre,1.0,Webcast,0.0,0,https://texas.hibid.com/lot/84336997,"AMT Auction Marketing, LLC",San Antonio,TX,False
2000 Black Jaguar XJR,1.0,Webcast,0.0,0,https://texas.hibid.com/lot/84336998,"AMT Auction Marketing, LLC",San Antonio,TX,False
2001 Red Mazda 626,1.0,Webcast,0.0,0,https://texas.hibid.com/lot/84336999,"AMT Auction Marketing, LLC",San Antonio,TX,False
2001 White Mazda Tribute,1.0,Webcast,0.0,0,https://texas.hibid.com/lot/84337000,"AMT Auction Marketing, LLC",San Antonio,TX,False
2005 White Lincoln LS,1.0,Webcast,200.0,1,https://texas.hibid.com/lot/84337001,"AMT Auction Marketing, LLC",San Antonio,TX,False
2007 Gold Honda Civic,1.0,Webcast,200.0,1,https://texas.hibid.com/lot/84337002,"AMT Auction Marketing, LLC",San Antonio,TX,False
2005 Gold Buick La Crosse,1.0,Webcast,200.0,1,https://texas.hibid.com/lot/84337003,"AMT Auction Marketing, LLC",San Antonio,TX,False
1999 Gold Mercury Grand Marquis,1.0,Webcast,200.0,1,https://texas.hibid.com/lot/84337004,"AMT Auction Marketing, LLC",San Antonio,TX,False
1998 White Honda Civic,1.0,Webcast,0.0,0,https://texas.hibid.com/lot/84337005,"AMT Auction Marketing, LLC",San Antonio,TX,False
2003 Gold Honda Accord,1.0,Webcast,0.0,0,https://texas.hibid.com/lot/84337006,"AMT Auction Marketing, LLC",San Antonio,TX,False
1998 Gold CHevy C1500,1.0,Webcast,0.0,0,https://texas.hibid.com/lot/84337007,"AMT Auction Marketing, LLC",San Antonio,TX,False
2007 Black Dodge Grand Caravan,1.0,Webcast,0.0,0,https://texas.hibid.com/lot/84337008,"AMT Auction Marketing, LLC",San Antonio,TX,False
2000 Silver Mercury Grand Marquis,1.0,Webcast,200.0,1,https://texas.hibid.com/lot/84337009,"AMT Auction Marketing, LLC",San Antonio,TX,False
2008 Silver Jeep Liberty,1.0,Webcast,275.0,4,https://texas.hibid.com/lot/84337010,"AMT Auction Marketing, LLC",San Antonio,TX,False
1998 White Ford Econoline E150,1.0,Webcast,200.0,1,https://texas.hibid.com/lot/84337011,"AMT Auction Marketing, LLC",San Antonio,TX,False
2006 Blue Buick La Crosse,1.0,Webcast,200.0,1,https://texas.hibid.com/lot/84337012,"AMT Auction Marketing, LLC",San Antonio,TX,False
2007 Green Suzuki GC Motorcycle,1.0,Webcast,250.0,3,https://texas.hibid.com/lot/84337013,"AMT Auction Marketing, LLC",San Antonio,TX,False
Lot of hammered metal wall art,1.0,10h  27m  ,0.0,0,https://texas.hibid.com/lot/84459424,LST Auctions LLC,Pasadena,TX,False
"2012 Cadillac CTS, Sun Roof,",1.0,7d  9h  30m  ,12550.0,77,https://texas.hibid.com/lot/83597372,Jones Swenson Auctions,Azle,TX,False
2004 NISSAN MAXIMA 20017,1.0,7d  15h  28m  ,0.0,0,https://texas.hibid.com/lot/83968001,C.M. Company Auctions,Freer,Tx,False
2015 DODGE DART 20020,1.0,7d  15h  29m  ,0.0,0,https://texas.hibid.com/lot/83968002,C.M. Company Auctions,Freer,Tx,False
2010 TOYOTA YARIS 18038,1.0,7d  15h  30m  ,0.0,0,https://texas.hibid.com/lot/83968004,C.M. Company Auctions,Freer,Tx,False
2005 Buick Century,1.0,7d  15h  32m  ,0.0,0,https://texas.hibid.com/lot/83968008,C.M. Company Auctions,Freer,Tx,False
10 HOND 4H JHMGE8H42AC020464,1.0,Webcast,5.0,1,https://texas.hibid.com/lot/84213873,"John Sisk Auctioneers, Inc.",Corpus Christi,TX,False
14 VOLK 4D 3VWD07AJ3EM227086 (ST),1.0,Webcast,525.0,6,https://texas.hibid.com/lot/84213875,"John Sisk Auctioneers, Inc.",Corpus Christi,TX,False
04 HOND LL JHLRD68454C011993,1.0,Webcast,125.0,4,https://texas.hibid.com/lot/84213876,"John Sisk Auctioneers, Inc.",Corpus Christi,TX,False
07 PONT 4D 1G2ZF58B774214757,1.0,Webcast,0.0,0,https://texas.hibid.com/lot/84213878,"John Sisk Auctioneers, Inc.",Corpus Christi,TX,False
02 OLDS 4D 1G3NK52F72C272853,1.0,Webcast,0.0,0,https://texas.hibid.com/lot/84213881,"John Sisk Auctioneers, Inc.",Corpus Christi,TX,False
13 CHEV 4D 1G1PA5SH0D7284943 (ST),1.0,Webcast,5.0,1,https://texas.hibid.com/lot/84213882,"John Sisk Auctioneers, Inc.",Corpus Christi,TX,False
04 TOYT LL 5TDZT34A34S210324,1.0,Webcast,125.0,6,https://texas.hibid.com/lot/84213886,"John Sisk Auctioneers, Inc.",Corpus Christi,TX,False
06 FORD PK 1FTPW04596KD38674,1.0,Webcast,7.5,2,https://texas.hibid.com/lot/84213887,"John Sisk Auctioneers, Inc.",Corpus Christi,TX,False
00 NISS 4D JN1CA31D4YT728205,1.0,Webcast,0.0,0,https://texas.hibid.com/lot/84213888,"John Sisk Auctioneers, Inc.",Corpus Christi,TX,False
15 CHEV LL 2GNALBEK2F6142939,1.0,Webcast,225.0,7,https://texas.hibid.com/lot/84213889,"John Sisk Auctioneers, Inc.",Corpus Christi,TX,False
02 HOND 4D JHMCG56762C034437 (ST),1.0,Webcast,5.0,1,https://texas.hibid.com/lot/84213890,"John Sisk Auctioneers, Inc.",Corpus Christi,TX,False
03 CHEV LL 3GNEC16ZX3G227888,1.0,Webcast,5.0,1,https://texas.hibid.com/lot/84213891,"John Sisk Auctioneers, Inc.",Corpus Christi,TX,False
06 NISS 4D 1N4AL11D36N408397 (ST),1.0,Webcast,5.0,1,https://texas.hibid.com/lot/84213893,"John Sisk Auctioneers, Inc.",Corpus Christi,TX,False
07 TOYT LL JTEZU11F370004277,1.0,Webcast,1100.0,12,https://texas.hibid.com/lot/84213894,"John Sisk Auctioneers, Inc.",Corpus Christi,TX,False
05 VOLK 4D 3VWSE69M45M063445,1.0,Webcast,5.0,1,https://texas.hibid.com/lot/84213895,"John Sisk Auctioneers, Inc.",Corpus Christi,TX,False
08 FORD 4D 3FAHP07Z28R118992,1.0,Webcast,750.0,16,https://texas.hibid.com/lot/84213896,"John Sisk Auctioneers, Inc.",Corpus Christi,TX,False
07 PONT CV 1G2MB35B97Y110746,1.0,Webcast,550.0,10,https://texas.hibid.com/lot/84213897,"John Sisk Auctioneers, Inc.",Corpus Christi,TX,False
07 STRN 4D 1G8AJ55F17Z122703 (ST),1.0,Webcast,5.0,1,https://texas.hibid.com/lot/84213899,"John Sisk Auctioneers, Inc.",Corpus Christi,TX,False
11 MAZD 4D JM1BL1VF8B1420332 (ST),1.0,Webcast,7.5,2,https://texas.hibid.com/lot/84213900,"John Sisk Auctioneers, Inc.",Corpus Christi,TX,False
02 GMC PK 1GTEC14W92Z207566,1.0,Webcast,0.0,0,https://texas.hibid.com/lot/84213902,"John Sisk Auctioneers, Inc.",Corpus Christi,TX,False
05 CHEV 4D 1G1ZS52F95F262953 (ST),1.0,Webcast,22.5,4,https://texas.hibid.com/lot/84213904,"John Sisk Auctioneers, Inc.",Corpus Christi,TX,False
11 MAZD 4D JM1BL1VF5B1416335,1.0,Webcast,0.0,0,https://texas.hibid.com/lot/84213907,"John Sisk Auctioneers, Inc.",Corpus Christi,TX,False
94 HOND 4D JHMCD5632RC071906,1.0,Webcast,5.0,1,https://texas.hibid.com/lot/84213910,"John Sisk Auctioneers, Inc.",Corpus Christi,TX,False
20 NISS 4D 1N4BL4BV9LC210444,1.0,Webcast,1250.0,23,https://texas.hibid.com/lot/84213911,"John Sisk Auctioneers, Inc.",Corpus Christi,TX,False
08 NISS LL 5N1AN08U68C528967,1.0,Webcast,27.5,2,https://texas.hibid.com/lot/84213912,"John Sisk Auctioneers, Inc.",Corpus Christi,TX,False
08 FORD 4D 3FAHP06Z58R126201,1.0,Webcast,5.0,1,https://texas.hibid.com/lot/84213913,"John Sisk Auctioneers, Inc.",Corpus Christi,TX,False
00 BUIC 4D 1G4CW54K0Y4260354,1.0,Webcast,0.0,0,https://texas.hibid.com/lot/84213914,"John Sisk Auctioneers, Inc.",Corpus Christi,TX,False
04 FORD 4D 1FAFP56S74G120988,1.0,Webcast,5.0,1,https://texas.hibid.com/lot/84213917,"John Sisk Auctioneers, Inc.",Corpus Christi,TX,False
07 KIA 4D KNADE123576280745,1.0,Webcast,0.0,0,https://texas.hibid.com/lot/84213918,"John Sisk Auctioneers, Inc.",Corpus Christi,TX,False
05 PONT VN 1GMDX33L45D263169,1.0,Webcast,5.0,1,https://texas.hibid.com/lot/84213920,"John Sisk Auctioneers, Inc.",Corpus Christi,TX,False
08 CHRY 4D 2C3KA43R38H102962,1.0,Webcast,5.0,1,https://texas.hibid.com/lot/84213921,"John Sisk Auctioneers, Inc.",Corpus Christi,TX,False
10 DODG 4D 1B3CC4FB0AN107575,1.0,Webcast,5.0,1,https://texas.hibid.com/lot/84213923,"John Sisk Auctioneers, Inc.",Corpus Christi,TX,False
05 NISS 2D JN1AZ34E05M651634,1.0,Webcast,575.0,14,https://texas.hibid.com/lot/84213925,"John Sisk Auctioneers, Inc.",Corpus Christi,TX,False
11 MITS 4D JA32U2FU3BU030378,1.0,Webcast,0.0,0,https://texas.hibid.com/lot/84213927,"John Sisk Auctioneers, Inc.",Corpus Christi,TX,False
02 PONT 4D 1G2WK52JX2F250051,1.0,Webcast,0.0,0,https://texas.hibid.com/lot/84213928,"John Sisk Auctioneers, Inc.",Corpus Christi,TX,False
94 TOYT 4D 1NXAE09B3RZ178383,1.0,Webcast,5.0,1,https://texas.hibid.com/lot/84213929,"John Sisk Auctioneers, Inc.",Corpus Christi,TX,False
07 TOYT 4H 2T1KR32E17C639979,1.0,Webcast,5.0,1,https://texas.hibid.com/lot/84213930,"John Sisk Auctioneers, Inc.",Corpus Christi,TX,False
95 HOND 4D JHMCD5631SC048025,1.0,Webcast,5.0,1,https://texas.hibid.com/lot/84213931,"John Sisk Auctioneers, Inc.",Corpus Christi,TX,False
14 DODG 4D 2C3CDXBG4EH362781 (ST),1.0,Webcast,5.0,1,https://texas.hibid.com/lot/84213932,"John Sisk Auctioneers, Inc.",Corpus Christi,TX,False
06 BUIC 4D 1G4HP57276U208294,1.0,Webcast,0.0,0,https://texas.hibid.com/lot/84213933,"John Sisk Auctioneers, Inc.",Corpus Christi,TX,False
06 TOYT 4D 1NXBR32E96Z740250,1.0,Webcast,5.0,1,https://texas.hibid.com/lot/84213937,"John Sisk Auctioneers, Inc.",Corpus Christi,TX,False
04 CHEV 4D 2G1WF52K749219904 (ST),1.0,Webcast,125.0,11,https://texas.hibid.com/lot/84213939,"John Sisk Auctioneers, Inc.",Corpus Christi,TX,False
04 CHEV 4D 1G1ZT52804F103199,1.0,Webcast,5.0,1,https://texas.hibid.com/lot/84213941,"John Sisk Auctioneers, Inc.",Corpus Christi,TX,False
07 PONT CP 1G2AL15F177121642 (ST),1.0,Webcast,5.0,1,https://texas.hibid.com/lot/84213942,"John Sisk Auctioneers, Inc.",Corpus Christi,TX,False
16 NISS 4D 3N1CE2CP7GL351684,1.0,Webcast,5.0,1,https://texas.hibid.com/lot/84213943,"John Sisk Auctioneers, Inc.",Corpus Christi,TX,False
04 TOYT 4D 4T1BE32K64U923782,1.0,Webcast,5.0,1,https://texas.hibid.com/lot/84213944,"John Sisk Auctioneers, Inc.",Corpus Christi,TX,False
01 FORD PK 1FDWF36F11ED76423,1.0,Webcast,100.0,5,https://texas.hibid.com/lot/84213945,"John Sisk Auctioneers, Inc.",Corpus Christi,TX,False
00 HYUN 4D KMHJF35F1YUO50570,1.0,Webcast,0.0,0,https://texas.hibid.com/lot/84213946,"John Sisk Auctioneers, Inc.",Corpus Christi,TX,False
06 CADI 4D 1G6KD57Y06U154265,1.0,Webcast,125.0,6,https://texas.hibid.com/lot/84213947,"John Sisk Auctioneers, Inc.",Corpus Christi,TX,False
97 BUIC 4D 1G4HR52K7VH412392,1.0,Webcast,0.0,0,https://texas.hibid.com/lot/84213948,"John Sisk Auctioneers, Inc.",Corpus Christi,TX,False
08 VOLK 2H WVWBA71K78W255333,1.0,Webcast,5.0,1,https://texas.hibid.com/lot/84213949,"John Sisk Auctioneers, Inc.",Corpus Christi,TX,False
08 DODG 4D 1B3HB48B68D721309,1.0,Webcast,375.0,8,https://texas.hibid.com/lot/84213950,"John Sisk Auctioneers, Inc.",Corpus Christi,TX,False
07 CHRY 4D 2C3KA53G87H787379,1.0,Webcast,375.0,6,https://texas.hibid.com/lot/84213951,"John Sisk Auctioneers, Inc.",Corpus Christi,TX,False
05 CHEV 2D 2G1WX12K759376890,1.0,Webcast,5.0,2,https://texas.hibid.com/lot/84213953,"John Sisk Auctioneers, Inc.",Corpus Christi,TX,False
07 GMC LL 1GKFC16J97R272421,1.0,Webcast,450.0,6,https://texas.hibid.com/lot/84213954,"John Sisk Auctioneers, Inc.",Corpus Christi,TX,False
10 MAZD 4D 1YVHZ8CH9A5M06933,1.0,Webcast,7.5,2,https://texas.hibid.com/lot/84213955,"John Sisk Auctioneers, Inc.",Corpus Christi,TX,False
97 TOYT 4D 1NXBR32E37Z928506 (ST),1.0,Webcast,7.5,2,https://texas.hibid.com/lot/84213957,"John Sisk Auctioneers, Inc.",Corpus Christi,TX,False
07 DODG 4D 2B3KA43G97H785339,1.0,Webcast,125.0,3,https://texas.hibid.com/lot/84213958,"John Sisk Auctioneers, Inc.",Corpus Christi,TX,False
04 FORD 4D 1FAFP52U84A107998,1.0,Webcast,5.0,1,https://texas.hibid.com/lot/84213959,"John Sisk Auctioneers, Inc.",Corpus Christi,TX,False
07 STRN 4D 1G8ZS57N07F237797,1.0,Webcast,5.0,1,https://texas.hibid.com/lot/84213960,"John Sisk Auctioneers, Inc.",Corpus Christi,TX,False
03 NISS 4D 1N4AL11D13C255462,1.0,Webcast,5.0,1,https://texas.hibid.com/lot/84213961,"John Sisk Auctioneers, Inc.",Corpus Christi,TX,False
04 CADI 4D 1G6DM577240147208,1.0,Webcast,175.0,7,https://texas.hibid.com/lot/84213964,"John Sisk Auctioneers, Inc.",Corpus Christi,TX,False
99 BMW 2D WBABJ8337XEM25171,1.0,Webcast,7.5,2,https://texas.hibid.com/lot/84213965,"John Sisk Auctioneers, Inc.",Corpus Christi,TX,False
96 LINC 4D 1LNLM81W5TY728840,1.0,Webcast,225.0,4,https://texas.hibid.com/lot/84213966,"John Sisk Auctioneers, Inc.",Corpus Christi,TX,False
05 CHEV LL 1GNEC13V25R225055,1.0,Webcast,5.0,1,https://texas.hibid.com/lot/84213967,"John Sisk Auctioneers, Inc.",Corpus Christi,TX,False
01 CHEV 4D 2G1WF52E019267492,1.0,Webcast,5.0,1,https://texas.hibid.com/lot/84213968,"John Sisk Auctioneers, Inc.",Corpus Christi,TX,False
01 HOND LL 2HKRL18661H606405,1.0,Webcast,0.0,0,https://texas.hibid.com/lot/84213971,"John Sisk Auctioneers, Inc.",Corpus Christi,TX,False
07 CHEV 4T 2CNDL13F776050664,1.0,Webcast,0.0,0,https://texas.hibid.com/lot/84213972,"John Sisk Auctioneers, Inc.",Corpus Christi,TX,False
02 FORD PK 1FTNX20L12EC52305,1.0,Webcast,22.5,5,https://texas.hibid.com/lot/84213973,"John Sisk Auctioneers, Inc.",Corpus Christi,TX,False
10 DODG 4D 1B3CC4FB1AN172709,1.0,Webcast,5.0,1,https://texas.hibid.com/lot/84213974,"John Sisk Auctioneers, Inc.",Corpus Christi,TX,False
03 MERC 4D 2MEFM74W13X681800,1.0,Webcast,5.0,1,https://texas.hibid.com/lot/84213975,"John Sisk Auctioneers, Inc.",Corpus Christi,TX,False
14 NISS 4D 3N1AB7AP6EY250541 RELEASED,1.0,Webcast,0.0,0,https://texas.hibid.com/lot/84213977,"John Sisk Auctioneers, Inc.",Corpus Christi,TX,False
08 CHRY 4D 2C3KA43R98H194062 RELEASED,1.0,Webcast,0.0,0,https://texas.hibid.com/lot/84213981,"John Sisk Auctioneers, Inc.",Corpus Christi,TX,False
12 NISS LL 5N1BA0ND9CN612606 RELEASED,1.0,Webcast,0.0,0,https://texas.hibid.com/lot/84213982,"John Sisk Auctioneers, Inc.",Corpus Christi,TX,False
19 KIA 4D KNDJP3A5XK7020326 RELEASED,1.0,Webcast,0.0,0,https://texas.hibid.com/lot/84213983,"John Sisk Auctioneers, Inc.",Corpus Christi,TX,False
12 GMC LL 1GKKRSED4CJ248468 RELEASED,1.0,Webcast,0.0,0,https://texas.hibid.com/lot/84213984,"John Sisk Auctioneers, Inc.",Corpus Christi,TX,False
13 BMW 4D WBAFR7C52DC827015 RELEASED,1.0,Webcast,0.0,0,https://texas.hibid.com/lot/84213986,"John Sisk Auctioneers, Inc.",Corpus Christi,TX,False
04 STRN LL 5GZCZ53454S823823 RELEASED,1.0,Webcast,0.0,0,https://texas.hibid.com/lot/84213987,"John Sisk Auctioneers, Inc.",Corpus Christi,TX,False
10 CADI LL 3GYFNBEY3AS576708 PULLED,1.0,Webcast,0.0,0,https://texas.hibid.com/lot/84213990,"John Sisk Auctioneers, Inc.",Corpus Christi,TX,False
01 GMC PK 1GTGC13U01F136461 RELEASED,1.0,Webcast,0.0,0,https://texas.hibid.com/lot/84213992,"John Sisk Auctioneers, Inc.",Corpus Christi,TX,False
08 FORD 4D 3FAHP07188R247250 RELEASED,1.0,Webcast,0.0,0,https://texas.hibid.com/lot/84213993,"John Sisk Auctioneers, Inc.",Corpus Christi,TX,False
16 NISS LL KNMAT2MT8GP731918 RELEASED,1.0,Webcast,0.0,0,https://texas.hibid.com/lot/84213995,"John Sisk Auctioneers, Inc.",Corpus Christi,TX,False
12 HOND LL JHLRM3H79CC002236 RELEASED,1.0,Webcast,0.0,0,https://texas.hibid.com/lot/84213996,"John Sisk Auctioneers, Inc.",Corpus Christi,TX,False
13 KIA 4D 5XXGR4A61DG097891 RELEASED,1.0,Webcast,0.0,0,https://texas.hibid.com/lot/84213998,"John Sisk Auctioneers, Inc.",Corpus Christi,TX,False
Jeep Cherokee,1.0,Webcast,0.0,0,https://texas.hibid.com/lot/82975137,Bradshaw Auctions,George West,Tx,False
2002 White Cadillac Escalade,1.0,Webcast,0.0,0,https://texas.hibid.com/lot/83916202,"AMT Auction Marketing, LLC",Alice,TX,False
2012 Black Mercedes C2U,1.0,Webcast,0.0,0,https://texas.hibid.com/lot/83916203,"AMT Auction Marketing, LLC",Alice,TX,False
2008 Silver Chevy Cobalt,1.0,Webcast,200.0,1,https://texas.hibid.com/lot/83916204,"AMT Auction Marketing, LLC",Alice,TX,False
2000 Gray Dodge Ram 1500,1.0,Webcast,200.0,1,https://texas.hibid.com/lot/83916205,"AMT Auction Marketing, LLC",Alice,TX,False
2010 White Chrysler 300,1.0,Webcast,300.0,5,https://texas.hibid.com/lot/83916206,"AMT Auction Marketing, LLC",Alice,TX,False
2006 Maroon Chevy Trailblazer,1.0,Webcast,0.0,0,https://texas.hibid.com/lot/83916207,"AMT Auction Marketing, LLC",Alice,TX,False
2000 Maroon GMC Jimmy,1.0,Webcast,0.0,0,https://texas.hibid.com/lot/83916208,"AMT Auction Marketing, LLC",Alice,TX,False
2011 Red Mazda M3S,1.0,Webcast,0.0,0,https://texas.hibid.com/lot/83916209,"AMT Auction Marketing, LLC",Alice,TX,False
2007 White Chevy Silverado 2500,1.0,Webcast,750.0,16,https://texas.hibid.com/lot/83916210,"AMT Auction Marketing, LLC",Alice,TX,False
2008 Red Honda Civic,1.0,Webcast,525.0,9,https://texas.hibid.com/lot/83916211,"AMT Auction Marketing, LLC",Alice,TX,False
2001 Maroon Jeep Grand Cherokee,1.0,Webcast,200.0,1,https://texas.hibid.com/lot/83916212,"AMT Auction Marketing, LLC",Alice,TX,False
1999 Gray Pontiac Grand Am,1.0,Webcast,0.0,0,https://texas.hibid.com/lot/83916213,"AMT Auction Marketing, LLC",Alice,TX,False
2012 Black Chevy Malibu,1.0,Webcast,0.0,0,https://texas.hibid.com/lot/83916214,"AMT Auction Marketing, LLC",Alice,TX,False
2000 Tan Mercury Grand Marquis,1.0,Webcast,0.0,0,https://texas.hibid.com/lot/83916215,"AMT Auction Marketing, LLC",Alice,TX,False
2013 Blue Ford F150,1.0,Webcast,250.0,3,https://texas.hibid.com/lot/83916216,"AMT Auction Marketing, LLC",Alice,TX,False
2000 Black Toyota 4 Runner,1.0,Webcast,200.0,1,https://texas.hibid.com/lot/83916217,"AMT Auction Marketing, LLC",Alice,TX,False
2000 White Ford F150,1.0,Webcast,0.0,0,https://texas.hibid.com/lot/83916218,"AMT Auction Marketing, LLC",Alice,TX,False
2002 Gray Dodge Ram,1.0,Webcast,0.0,0,https://texas.hibid.com/lot/83916219,"AMT Auction Marketing, LLC",Alice,TX,False
2006 Red Kia Sorento,1.0,Webcast,200.0,1,https://texas.hibid.com/lot/83916220,"AMT Auction Marketing, LLC",Alice,TX,False
2006 Blue Mazda M3S,1.0,Webcast,0.0,0,https://texas.hibid.com/lot/83916221,"AMT Auction Marketing, LLC",Alice,TX,False
2005 Silver Chevy Malibu,1.0,Webcast,0.0,0,https://texas.hibid.com/lot/83916222,"AMT Auction Marketing, LLC",Alice,TX,False
2005 Gray Mercury Mariner,1.0,Webcast,0.0,0,https://texas.hibid.com/lot/83916223,"AMT Auction Marketing, LLC",Alice,TX,False
1998 Beige Chevy 1500,1.0,Webcast,0.0,0,https://texas.hibid.com/lot/83916224,"AMT Auction Marketing, LLC",Alice,TX,False
2000 Gray Ford Expedition,1.0,Webcast,0.0,0,https://texas.hibid.com/lot/83916225,"AMT Auction Marketing, LLC",Alice,TX,False
2010 White Ford Focus,1.0,Webcast,200.0,1,https://texas.hibid.com/lot/83916226,"AMT Auction Marketing, LLC",Alice,TX,False
2000 White Ford Expedition,1.0,Webcast,0.0,0,https://texas.hibid.com/lot/83916227,"AMT Auction Marketing, LLC",Alice,TX,False
2008 Brown Ford Expedition,1.0,Webcast,0.0,0,https://texas.hibid.com/lot/83916228,"AMT Auction Marketing, LLC",Alice,TX,False
2008 Beige Kia Rondo,1.0,Webcast,0.0,0,https://texas.hibid.com/lot/83916229,"AMT Auction Marketing, LLC",Alice,TX,False
2006 Red Jeep Grand Cherokee,1.0,Webcast,350.0,4,https://texas.hibid.com/lot/83916230,"AMT Auction Marketing, LLC",Alice,TX,False
2002 White Saturn SC2,1.0,Webcast,0.0,0,https://texas.hibid.com/lot/83916231,"AMT Auction Marketing, LLC",Alice,TX,False
2004 Silver Honda ULX,1.0,Webcast,0.0,0,https://texas.hibid.com/lot/83916232,"AMT Auction Marketing, LLC",Alice,TX,False
2006 Silver Jeep Liberty,1.0,Webcast,250.0,3,https://texas.hibid.com/lot/83916233,"AMT Auction Marketing, LLC",Alice,TX,False
2002 Silver Ford Mustang,1.0,Webcast,0.0,0,https://texas.hibid.com/lot/83916234,"AMT Auction Marketing, LLC",Alice,TX,False
2006 Gray Toyota Scion XC,1.0,Webcast,0.0,0,https://texas.hibid.com/lot/83916235,"AMT Auction Marketing, LLC",Alice,TX,False
2000 Blue Chevy Metro,1.0,Webcast,0.0,0,https://texas.hibid.com/lot/83916236,"AMT Auction Marketing, LLC",Alice,TX,False
1997 Silver Ford Crown Victoria,1.0,Webcast,0.0,0,https://texas.hibid.com/lot/83916237,"AMT Auction Marketing, LLC",Alice,TX,False
1995 Beige Ford Crown Victoria,1.0,Webcast,0.0,0,https://texas.hibid.com/lot/83916238,"AMT Auction Marketing, LLC",Alice,TX,False
2011 Gray Chevy Mailbu,1.0,Webcast,0.0,0,https://texas.hibid.com/lot/83916239,"AMT Auction Marketing, LLC",Alice,TX,False
1997 White Toyota Tacoma,1.0,Webcast,0.0,0,https://texas.hibid.com/lot/83916240,"AMT Auction Marketing, LLC",Alice,TX,False
91 CHEV BOX VAN 2GBHG31K4M4101281 NO KEY,1.0,12h  27m  ,375.0,1,https://texas.hibid.com/lot/84458129,JD Newell Auctioneers,DALLAS,TX,False
05 CHEV TAHOE 1GNEC13T75R208542 KEY,1.0,12h  27m  ,850.0,5,https://texas.hibid.com/lot/84458133,JD Newell Auctioneers,DALLAS,TX,False
2016 LAND ROVER RANGE ROVER VOGUE SE,1.0,15h  27m  ,14800.0,31,https://texas.hibid.com/lot/82253819,C.M. Company Auctions,Benavides,TX,False
2007 CHEVROLET TAHOE,1.0,15h  28m  ,1250.0,2,https://texas.hibid.com/lot/82253821,C.M. Company Auctions,Benavides,TX,False
2004 TOYOTA SEQUOIA,1.0,15h  29m  ,2500.0,3,https://texas.hibid.com/lot/82253822,C.M. Company Auctions,Benavides,TX,False
2012 GMC ACADIA,1.0,15h  29m  ,1750.0,4,https://texas.hibid.com/lot/82253823,C.M. Company Auctions,Benavides,TX,False
2016 CHEVROLET SILVERADO 1500 LT,1.0,15h  31m  ,0.0,0,https://texas.hibid.com/lot/82253826,C.M. Company Auctions,Benavides,TX,False
2000 DODGE 1500,1.0,15h  31m  ,0.0,0,https://texas.hibid.com/lot/82606901,C.M. Company Auctions,Benavides,TX,False
CHEVORLET 1500 PICK UP,1.0,Webcast,0.0,0,https://texas.hibid.com/lot/84594948,Ben H Royston Auctioneers,Seminole,TX,False
LL-1993 BUMPERPULL CAMPER,1.0,18h  36m  ,625.0,21,https://texas.hibid.com/lot/82796294,Heidenheimer Auction Company,Temple,TX,False
2014 Chevrolet 4500 Motor Home V8 6.0LGas Engine,1.0,1d  11h  40m  ,25000.0,77,https://texas.hibid.com/lot/83718665,Mel Davis Auctions,Elmendorf,TX,False
2013 Ford E-Series Van,1.0,1d  11h  41m  ,450.0,20,https://texas.hibid.com/lot/83718666,Mel Davis Auctions,Elmendorf,TX,False
2011 Ford E-Series Van Ambulance,1.0,1d  11h  42m  ,557.36,29,https://texas.hibid.com/lot/83718667,Mel Davis Auctions,Elmendorf,TX,False
2005 Ford F-450 XLT Super Duty Ambulance,1.0,1d  11h  43m  ,505.0,26,https://texas.hibid.com/lot/83718668,Mel Davis Auctions,Elmendorf,TX,False
2011 Ford Van,1.0,1d  11h  44m  ,525.0,25,https://texas.hibid.com/lot/83718669,Mel Davis Auctions,Elmendorf,TX,False
2008 Ford Van,1.0,1d  11h  45m  ,205.0,16,https://texas.hibid.com/lot/83718670,Mel Davis Auctions,Elmendorf,TX,False
2011 Ford E-Series Van,1.0,1d  11h  46m  ,500.0,22,https://texas.hibid.com/lot/83718671,Mel Davis Auctions,Elmendorf,TX,False
2007 Ford Van,1.0,1d  11h  47m  ,300.0,11,https://texas.hibid.com/lot/83718672,Mel Davis Auctions,Elmendorf,TX,False
2012 VPG Van,1.0,1d  11h  48m  ,1025.0,21,https://texas.hibid.com/lot/83718673,Mel Davis Auctions,Elmendorf,TX,False
2012 VPG Van,1.0,1d  11h  49m  ,1025.0,12,https://texas.hibid.com/lot/83718674,Mel Davis Auctions,Elmendorf,TX,False
2012 VPG Van,1.0,1d  11h  50m  ,2025.0,14,https://texas.hibid.com/lot/83718675,Mel Davis Auctions,Elmendorf,TX,False
"2008 Ford F-450 Super Duty XLT (PARTS ONLY, NO ENG",1.0,1d  11h  51m  ,205.0,17,https://texas.hibid.com/lot/83718676,Mel Davis Auctions,Elmendorf,TX,False
2005 Dodge Ram 2500,1.0,1d  11h  52m  ,1025.0,13,https://texas.hibid.com/lot/83718677,Mel Davis Auctions,Elmendorf,TX,False
2019 Mitsubishi Outlander (Wrecked),1.0,1d  11h  53m  ,800.0,25,https://texas.hibid.com/lot/83718678,Mel Davis Auctions,Elmendorf,TX,False
2007 GMC FLATBED DIESEL ENGINE (RUNNING),1.0,1d  11h  58m  ,2510.0,18,https://texas.hibid.com/lot/83718683,Mel Davis Auctions,Elmendorf,TX,False
Hard Folding Truck Bed Tonneau Cover,1.0,2d  10h  54m  ,42.5,10,https://texas.hibid.com/lot/83874550,ATX Auctions Dickinson,Dickinson,Tx,True
Tonno Pro Hard Folding Truck Bed Tonneau Cover,1.0,2d  14h  41m  ,32.5,10,https://texas.hibid.com/lot/84513791,ATX Auctions Dickinson,Dickinson,Tx,True
2007 Lincoln Navigator 5LMFU27587LJ14566,1.0,4d  11h  30m  ,375.0,8,https://texas.hibid.com/lot/83778470,VSF Auto Auctions,Mesquite,TX,False
1998 FORD Expedition 1FMEU17L2WLA09043,1.0,4d  11h  32m  ,200.0,1,https://texas.hibid.com/lot/83778474,VSF Auto Auctions,Mesquite,TX,False
2002 DODGE RAM 1500 1B7HA16N12J120220,1.0,4d  11h  32m  ,975.0,25,https://texas.hibid.com/lot/83778475,VSF Auto Auctions,Mesquite,TX,False
1998 FORD E350 1FDWE37S3WHB58102,1.0,4d  11h  33m  ,225.0,4,https://texas.hibid.com/lot/83778476,VSF Auto Auctions,Mesquite,TX,False
2006 SATURN VUE 5GZCZ33D66S815219,1.0,4d  11h  34m  ,200.0,1,https://texas.hibid.com/lot/83778479,VSF Auto Auctions,Mesquite,TX,False
2006 CHRYSLER Town and Country 1A4GP45R46B728047,1.0,4d  11h  35m  ,275.0,3,https://texas.hibid.com/lot/83778481,VSF Auto Auctions,Mesquite,TX,False
1996 GMC SAFARI XT 1GKDM19W8TB522942,1.0,4d  11h  36m  ,0.0,0,https://texas.hibid.com/lot/83778482,VSF Auto Auctions,Mesquite,TX,False
2001 TOYOTA AVALON XL/XLS 4T1BF28B91U186846,1.0,4d  11h  37m  ,250.0,3,https://texas.hibid.com/lot/83778485,VSF Auto Auctions,Mesquite,TX,False
2006 NISSAN XTERRA 5N1AN08U16C516271,1.0,4d  11h  39m  ,725.0,22,https://texas.hibid.com/lot/83778489,VSF Auto Auctions,Mesquite,TX,False
2012 Chevrolet 3500HD 1GC4KZC81CF182276,1.0,5d  12h  27m  ,200.0,1,https://texas.hibid.com/lot/84487401,JD Newell Auctioneers,Royse City,TX,False
WEATHERTECH 8HF010046 ALLOYCOVER,1.0,6d  16h  42m  ,0.0,0,https://texas.hibid.com/lot/84606415,ATX Auctions San Marcos,San Marcos,TX,False
"2012 International Terrastar Service Truck,",1.0,7d  9h  27m  ,3125.0,12,https://texas.hibid.com/lot/83597367,Jones Swenson Auctions,Azle,TX,False
"2004 Chevy C4500 Service Truck, Duramax Diesel,",1.0,7d  9h  28m  ,1125.0,39,https://texas.hibid.com/lot/83597368,Jones Swenson Auctions,Azle,TX,False
"2008 Chevy 3500 Service Truck, Gas Engine,",1.0,7d  9h  28m  ,550.0,5,https://texas.hibid.com/lot/83597369,Jones Swenson Auctions,Azle,TX,False
"2012 Nissan NV3500 Van, Gas Engine,",1.0,7d  9h  29m  ,1550.0,31,https://texas.hibid.com/lot/83597370,Jones Swenson Auctions,Azle,TX,False
"2018 Dodge Ram 2500 Pickup, 5.4 Hemi Gas Engine,",1.0,7d  9h  29m  ,11200.0,12,https://texas.hibid.com/lot/83597371,Jones Swenson Auctions,Azle,TX,False
"2006 Dodge Ram 1500 Pickup, 5.7 Hemi Gas Engine,",1.0,7d  9h  30m  ,520.0,3,https://texas.hibid.com/lot/83597373,Jones Swenson Auctions,Azle,TX,False
"2008 Chevy Blazer LT, Gas Engine,",1.0,7d  9h  31m  ,610.0,8,https://texas.hibid.com/lot/83597374,Jones Swenson Auctions,Azle,TX,False
"2006 Ford E450 Service Truck, Diesel Engine,",1.0,7d  9h  40m  ,55.0,2,https://texas.hibid.com/lot/83597393,Jones Swenson Auctions,Azle,TX,False
"2007 Ford E450 Service Truck, Diesel Engine,",1.0,7d  9h  41m  ,55.0,2,https://texas.hibid.com/lot/83597394,Jones Swenson Auctions,Azle,TX,False
ATC Pickup Bed Cover for 8' Bed,1.0,7d  10h  49m  ,10.0,1,https://texas.hibid.com/lot/83597531,Jones Swenson Auctions,Azle,TX,False
"1988 Chevy Box Step Van, No Title, Parts only",1.0,7d  11h  9m  ,28.0,2,https://texas.hibid.com/lot/83597570,Jones Swenson Auctions,Azle,TX,False
"1986 Chevy Box Step Van, No Title, Parts only",1.0,7d  11h  9m  ,28.0,2,https://texas.hibid.com/lot/83597571,Jones Swenson Auctions,Azle,TX,False
"1985 GMC Box Step Van, No Title, Parts only",1.0,7d  11h  10m  ,28.0,2,https://texas.hibid.com/lot/83597572,Jones Swenson Auctions,Azle,TX,False
"1998 Chevy 3500 Utility Truck, Gas Engine,",1.0,7d  11h  11m  ,28.0,2,https://texas.hibid.com/lot/83597574,Jones Swenson Auctions,Azle,TX,False
Soft Tri-Fold Fit 2009-2018 Ram 1500,1.0,7d  15h  35m  ,5.25,2,https://texas.hibid.com/lot/84374824,ATX Auctions Victoria,Victoria,Tx,True
2001 FORD EXPEDITION EDDIE BAUER 19046,1.0,7d  15h  27m  ,0.0,0,https://texas.hibid.com/lot/83967998,C.M. Company Auctions,Freer,Tx,False
2012 GMC SIERRA 2500 19053,1.0,7d  15h  28m  ,0.0,0,https://texas.hibid.com/lot/83967999,C.M. Company Auctions,Freer,Tx,False
2005 CHEVROLET TRAILBLAZER 20054,1.0,7d  15h  29m  ,0.0,0,https://texas.hibid.com/lot/83968003,C.M. Company Auctions,Freer,Tx,False
2005 BMW X3 19029,1.0,7d  15h  30m  ,0.0,0,https://texas.hibid.com/lot/83968005,C.M. Company Auctions,Freer,Tx,False
2007 HONDA PILOT EX-L 19033,1.0,7d  15h  31m  ,0.0,0,https://texas.hibid.com/lot/83968006,C.M. Company Auctions,Freer,Tx,False
2004 HYUNDAI SANTA FE 20050,1.0,7d  15h  31m  ,0.0,0,https://texas.hibid.com/lot/83968007,C.M. Company Auctions,Freer,Tx,False
2006 FORD F350 SD XLT 19054,1.0,7d  15h  32m  ,3000.0,1,https://texas.hibid.com/lot/83968000,C.M. Company Auctions,Freer,Tx,False
2012 Volvo VHD Kill Truck,1.0,9h  27m  ,0.0,0,https://texas.hibid.com/lot/84628700,April Johnson,Colorado City,Tx,False
BAKFlip MX4 Hard Folding Truck Bed Cover,1.0,8d  13h  38m  ,0.0,0,https://texas.hibid.com/lot/84437138,Hodges Auctions and Liquidations LLC,Houston,TX,True
Undercover Truck Bed Tonneau Cover,1.0,8d  15h  39m  ,5.0,1,https://texas.hibid.com/lot/84384459,West Texas Auctions,Lubbock,TX,False
11 CHEV PK 1GCRKPEA7BZ282020,1.0,Webcast,700.0,6,https://texas.hibid.com/lot/84213872,"John Sisk Auctioneers, Inc.",Corpus Christi,TX,False
04 JEEP LL 1J4GX48S24C284463,1.0,Webcast,5.0,1,https://texas.hibid.com/lot/84213874,"John Sisk Auctioneers, Inc.",Corpus Christi,TX,False
01 CHEV PK 1GCGK29U41Z258089,1.0,Webcast,7.5,2,https://texas.hibid.com/lot/84213883,"John Sisk Auctioneers, Inc.",Corpus Christi,TX,False
99 JEEP LL 1J4G268S3XC529673,1.0,Webcast,5.0,1,https://texas.hibid.com/lot/84213885,"John Sisk Auctioneers, Inc.",Corpus Christi,TX,False
06 FORD CP 1ZVFT80NX65125138,1.0,Webcast,0.0,0,https://texas.hibid.com/lot/84213901,"John Sisk Auctioneers, Inc.",Corpus Christi,TX,False
10 CHEV LL 1GNUCAE02AR200227,1.0,Webcast,1425.0,25,https://texas.hibid.com/lot/84213903,"John Sisk Auctioneers, Inc.",Corpus Christi,TX,False
96 DODG PK 3B7HC13Z1TG196220,1.0,Webcast,5.0,1,https://texas.hibid.com/lot/84213905,"John Sisk Auctioneers, Inc.",Corpus Christi,TX,False
09 DODG PK 3D7KR28T39G560554,1.0,Webcast,475.0,7,https://texas.hibid.com/lot/84213915,"John Sisk Auctioneers, Inc.",Corpus Christi,TX,False
06 CHRY VN 2A4GP44R66R873027,1.0,Webcast,7.5,2,https://texas.hibid.com/lot/84213916,"John Sisk Auctioneers, Inc.",Corpus Christi,TX,False
03 CHEV PK 2GCEC19V031310787,1.0,Webcast,5.0,1,https://texas.hibid.com/lot/84213919,"John Sisk Auctioneers, Inc.",Corpus Christi,TX,False
14 CHEV PK 3GCUKREC1EG469815,1.0,Webcast,1725.0,22,https://texas.hibid.com/lot/84213922,"John Sisk Auctioneers, Inc.",Corpus Christi,TX,False
96 DODG PK 3B7HC13Y9TG112488,1.0,Webcast,5.0,1,https://texas.hibid.com/lot/84213924,"John Sisk Auctioneers, Inc.",Corpus Christi,TX,False
00 GMC PK 2GTEK19T1Y1352443,1.0,Webcast,375.0,8,https://texas.hibid.com/lot/84213926,"John Sisk Auctioneers, Inc.",Corpus Christi,TX,False
00 GMC PK 2GTEC19T1Y1236981,1.0,Webcast,925.0,13,https://texas.hibid.com/lot/84213934,"John Sisk Auctioneers, Inc.",Corpus Christi,TX,False
02 CHRY LL 1C4GJ25B02B608058,1.0,Webcast,7.5,2,https://texas.hibid.com/lot/84213935,"John Sisk Auctioneers, Inc.",Corpus Christi,TX,False
98 FORD LL 1FMZU34EXWZB72927,1.0,Webcast,0.0,0,https://texas.hibid.com/lot/84213963,"John Sisk Auctioneers, Inc.",Corpus Christi,TX,False
06 FORD CP 1ZVFT82H665185697,1.0,Webcast,725.0,6,https://texas.hibid.com/lot/84213970,"John Sisk Auctioneers, Inc.",Corpus Christi,TX,False
07 TOYT PK 5TFRV54127X005548,1.0,Webcast,675.0,11,https://texas.hibid.com/lot/84213976,"John Sisk Auctioneers, Inc.",Corpus Christi,TX,False
13 DODG PK 3C6JR6AT4DG509121 RELEASED,1.0,Webcast,0.0,0,https://texas.hibid.com/lot/84213979,"John Sisk Auctioneers, Inc.",Corpus Christi,TX,False
11 GMC PK 3GTP1VE09BG128754 RELEASED,1.0,Webcast,0.0,0,https://texas.hibid.com/lot/84213980,"John Sisk Auctioneers, Inc.",Corpus Christi,TX,False
14 DODG 2D 2C3CDYAG3EH208442 RELEASED,1.0,Webcast,0.0,0,https://texas.hibid.com/lot/84213985,"John Sisk Auctioneers, Inc.",Corpus Christi,TX,False
12 CHEV CP 2G1FB3D34C9107176 RELEASED,1.0,Webcast,0.0,0,https://texas.hibid.com/lot/84213999,"John Sisk Auctioneers, Inc.",Corpus Christi,TX,False
2007 Dodge 3500 Crew 2wd,1.0,Webcast,4750.0,9,https://texas.hibid.com/lot/82975069,Bradshaw Auctions,George West,Tx,False
2005 Dodge Durango,1.0,Webcast,500.0,1,https://texas.hibid.com/lot/84425880,Bradshaw Auctions,George West,Tx,False
Hard Solid Tri-Fold Tonneau Cover 6' Tacoma,1.0,14d  14h  2m  ,19.0,17,https://texas.hibid.com/lot/84062324,ATX Auctions Dripping Springs,Dripping Springs,TX,False
Hard Quad-Fold Truck Bed Tonneau Cover,1.0,14d  15h  9m  ,20.0,8,https://texas.hibid.com/lot/84062413,ATX Auctions Dripping Springs,Dripping Springs,TX,False
K004327 International 9400 Gin Truck,1.0,35d  38m  ,0.0,0,https://texas.hibid.com/lot/76779309,C.M. Company Auctions,Abilene,TX,False
K004336 1984 International Dump Truck F2275,1.0,35d  38m  ,0.0,0,https://texas.hibid.com/lot/76779315,C.M. Company Auctions,Abilene,TX,False
LL-1993 BUMPERPULL CAMPER,1.0,18h  36m  ,625.0,21,https://texas.hibid.com/lot/82796294,Heidenheimer Auction Company,Temple,TX,False
"Trash trailer, with ramp, metal floor, tires are",1.0,17h  23m  ,142.0,41,https://texas.hibid.com/lot/83015636,United Country H5 Auction and Realty,Gilmer,TX,False
1980 Fruehauf Enclosed Cargo Trailer,1.0,15h  28m  ,700.0,14,https://texas.hibid.com/lot/83040808,C.M. Company Auctions,Abilene,TX,False
1993 Big TEX Car Trailer - Non Titled,1.0,15h  30m  ,1000.0,6,https://texas.hibid.com/lot/83040811,C.M. Company Auctions,Abilene,TX,False
1993 Stidham Enclosed Car Trailer,1.0,15h  30m  ,4000.0,7,https://texas.hibid.com/lot/83040812,C.M. Company Auctions,Abilene,TX,False
2 WHEEL TRAILER,1.0,Webcast,5.0,1,https://texas.hibid.com/lot/84521740,Ben H Royston Auctioneers,Seminole,TX,False
FLATBED TRAILER,1.0,Webcast,0.0,0,https://texas.hibid.com/lot/84521742,Ben H Royston Auctioneers,Seminole,TX,False
DONAHEW EQUIPMENT TRAILER,1.0,Webcast,0.0,0,https://texas.hibid.com/lot/84521743,Ben H Royston Auctioneers,Seminole,TX,False
FUEL TRAILER,1.0,Webcast,10.0,2,https://texas.hibid.com/lot/84521745,Ben H Royston Auctioneers,Seminole,TX,False
SIDE DUMP PEANUT TRAILER,1.0,Webcast,0.0,0,https://texas.hibid.com/lot/84521746,Ben H Royston Auctioneers,Seminole,TX,False
SIDE DUMP PEANUT TRAILER,1.0,Webcast,0.0,0,https://texas.hibid.com/lot/84521748,Ben H Royston Auctioneers,Seminole,TX,False
SIDE DUMP PEANUT TRAILER,1.0,Webcast,0.0,0,https://texas.hibid.com/lot/84521749,Ben H Royston Auctioneers,Seminole,TX,False
GOOSENECK FARM HOPPER TRAILER,1.0,Webcast,0.0,0,https://texas.hibid.com/lot/84521750,Ben H Royston Auctioneers,Seminole,TX,False
DONAHUE DUMP TRAILER,1.0,Webcast,0.0,0,https://texas.hibid.com/lot/84521751,Ben H Royston Auctioneers,Seminole,TX,False
TRAILER FRAME,1.0,Webcast,0.0,0,https://texas.hibid.com/lot/84521754,Ben H Royston Auctioneers,Seminole,TX,False
DIAMOND CAR HAULING TRAILER,1.0,Webcast,5.0,1,https://texas.hibid.com/lot/84579224,Ben H Royston Auctioneers,Seminole,TX,False
LL-UTILIITY TRAILER,1.0,18h  29m  ,240.0,15,https://texas.hibid.com/lot/83186631,Heidenheimer Auction Company,Temple,TX,False
DOLLY,1.0,18h  34m  ,10.0,1,https://texas.hibid.com/lot/83439461,Heidenheimer Auction Company,Temple,TX,False
LL-HOMEMADE TRAILER,1.0,18h  39m  ,300.0,15,https://texas.hibid.com/lot/83252883,Heidenheimer Auction Company,Temple,TX,False
Pintle Hitch Spool Trailer,1.0,1d  11h  54m  ,30.0,4,https://texas.hibid.com/lot/83718679,Mel Davis Auctions,Elmendorf,TX,False
Pintle Hitch Spool Trailer,1.0,1d  11h  55m  ,80.0,5,https://texas.hibid.com/lot/83718680,Mel Davis Auctions,Elmendorf,TX,False
Pintle Hitch Spool Trailer,1.0,1d  11h  56m  ,15.0,2,https://texas.hibid.com/lot/83718681,Mel Davis Auctions,Elmendorf,TX,False
Pintle Hitch Spool Trailer,1.0,1d  11h  57m  ,15.0,2,https://texas.hibid.com/lot/83718682,Mel Davis Auctions,Elmendorf,TX,False
"2005 Gooseneck brand trailer. 
20 x 83, solid",1.0,1d  20h  27m  ,1000.0,1,https://texas.hibid.com/lot/84568076,Garrett Auctions,kerrville,TX,False
Utility Trailer  (Trailer Only),1.0,Webcast,700.0,13,https://texas.hibid.com/lot/83499884,Alamo Auctioneers LLC,San Anntonio,TX,False
"2013 Texas Pride Dump Trailer, Approx. 14'L,",1.0,7d  9h  38m  ,3600.0,63,https://texas.hibid.com/lot/83597389,Jones Swenson Auctions,Azle,TX,False
"2015 C&M Heavy Duty Equipment Trailer,",1.0,7d  9h  39m  ,1325.0,48,https://texas.hibid.com/lot/83597390,Jones Swenson Auctions,Azle,TX,False
"2009 Load King Heavy Duty Equipment Trailer,",1.0,7d  9h  39m  ,800.0,39,https://texas.hibid.com/lot/83597391,Jones Swenson Auctions,Azle,TX,False
"2006 Bat Utility Trailer, Approx. 16'L",1.0,7d  9h  40m  ,710.0,30,https://texas.hibid.com/lot/83597392,Jones Swenson Auctions,Azle,TX,False
Small two wheel utility trailer,1.0,7d  12h  36m  ,0.0,0,https://texas.hibid.com/lot/84634489,Jody Kalmbach Auctioneers,lexington,TX,True
Pioneer Radio,1.0,7d  22h  38m  ,0.0,0,https://texas.hibid.com/lot/84541990,Rlw Liquidation Service,Fort Worth,TX,False
1976 MONARCH & TRAILER,1.0,Webcast,5.0,1,https://texas.hibid.com/lot/84213884,"John Sisk Auctioneers, Inc.",Corpus Christi,TX,False
UNK TRL 4YMUL0916GT013944,1.0,Webcast,425.0,7,https://texas.hibid.com/lot/84213969,"John Sisk Auctioneers, Inc.",Corpus Christi,TX,False
19 TEX TRL NOVIN120820205450 PULLED,1.0,Webcast,0.0,0,https://texas.hibid.com/lot/84213991,"John Sisk Auctioneers, Inc.",Corpus Christi,TX,False
2007 Custom Built Gooseneck Trailer,1.0,Webcast,900.0,10,https://texas.hibid.com/lot/82975094,Bradshaw Auctions,George West,Tx,False
Custom Built Gooseneck Trailer,1.0,Webcast,900.0,10,https://texas.hibid.com/lot/82975097,Bradshaw Auctions,George West,Tx,False
Fuel Tank with stand,1.0,Webcast,60.0,4,https://texas.hibid.com/lot/82975142,Bradshaw Auctions,George West,Tx,False
Centex Gate Guard Trailer,1.0,Webcast,900.0,10,https://texas.hibid.com/lot/82975145,Bradshaw Auctions,George West,Tx,False
2011 PJ TRAILERS Gate Guard Trailer,1.0,Webcast,800.0,8,https://texas.hibid.com/lot/82975146,Bradshaw Auctions,George West,Tx,False
2004 30 CM Enclosed Gooseneck Trailer,1.0,Webcast,1500.0,3,https://texas.hibid.com/lot/82975070,Bradshaw Auctions,George West,Tx,False
2003 Freightliner Dump Truck,1.0,Webcast,1250.0,7,https://texas.hibid.com/lot/82975065,Bradshaw Auctions,George West,Tx,False
K004308	 Gooseneck Trailer High Pressure Test Unit,1.0,35d  38m  ,0.0,0,https://texas.hibid.com/lot/76779341,C.M. Company Auctions,Abilene,TX,False
